use shanoir_ng_studies;

CREATE TABLE `center` (
  `id` bigint(20) NOT NULL AUTO_INCREMENT,
  `city` varchar(255) DEFAULT NULL,
  `country` varchar(255) DEFAULT NULL,
  `name` varchar(255) NOT NULL,
  `phone_number` varchar(255) DEFAULT NULL,
  `postal_code` varchar(255) DEFAULT NULL,
  `street` varchar(255) DEFAULT NULL,
  `website` varchar(255) DEFAULT NULL,
  PRIMARY KEY (`id`),
  UNIQUE KEY `UK_9ntt4q0n3w4lywq1k9xveiyo8` (`name`)
) ENGINE=InnoDB AUTO_INCREMENT=69 DEFAULT CHARSET=utf8;

INSERT INTO center(id, country, name, phone_number, postal_code, street, city, website)
VALUES
	(1, 'France', 'CHU Rennes', '', '', '', 'Rennes', ''),
	(2, 'France', 'CHU Reims', '', '', '', 'Reims', ''),
	(3, 'France', 'LPS - CENIR', '0157274007', '75013', 'Bâtiment ICM 	(niv -1) ,  47 Bd de l\'Hôpital', 'Paris', 'www.cenir.org'),
	(4, 'France', 'CHU Marseille', '', '', '', 'Marseille', ''),
	(5, 'France', 'HCL - NeuroCardio', '', '', '', 'Lyon', ''),
	(7, 'France', 'Hôpitaux Universitaires de Strasbourg', '', '', '', 'Strasbourg', ''),
	(8, 'France', 'Centre Hospitalier Yves Le Foll', '', '', '', 'Saint Brieuc', ''),
	(9, 'France', 'CHU Nîmes', '', '', '', 'Nîmes', ''),
	(10, 'France', 'CHU Toulouse', '', '', '', 'Toulouse', ''),
	(11, 'France', 'CHU Nantes', '', '', '', 'Nantes', ''),
	(12, 'France', 'CHU Brabois', '', '', '', 'Nancy', ''),
	(13, 'France', 'CHU de Fort-de-France', '', '', '', 'Fort-de-France', ''),
	(14, 'France', 'CHU Michallon', '', '38700', 'Site Santé', 'Grenoble', ''),
	(15, 'France', 'GIN', '', '38706', '', 'Grenoble', 'http://neurosciences.ujf-grenoble.fr/main-home-1-sub-home-0-lang-en.html'),
	(16, 'France', 'CHU Brest', '', '', '', 'Brest', ''),
	(17, 'France', 'CHGR', '', '', '', 'Rennes', ''),
	(18, 'France', 'HCL - NeuroCardio to delete', '', '', '', 'Lyon', ''),
	(19, 'France', 'HCL - Hopital Edouard Herriot', '', '', '', 'Lyon', ''),
	(20, 'France', 'HCL - CHLS RMN', '', '', '', 'Lyon', ''),
	(21, 'France', 'HCL - NeuroCardio HFME', '', '', '', 'Lyon', ''),
	(22, 'France', 'HCL - GIE Lyon Nord', '', '', '', 'Lyon', ''),
	(23, 'France', 'INSERM_825', '', '', '', 'Toulouse', ''),
	(24, 'Belgique', 'UCL', '', '', '', 'Bruxelles', ''),
	(25, 'France', 'CH Bretagne Atlantique Vannes', '', '', '', 'Vannes', ''),
	(27, 'France', 'ICM', '', '', '', 'Paris', ''),
	(28, 'France', 'CHU Bordeaux', '', '', '', 'Bordeaux', ''),
	(29, 'France', 'HCL - CHLS', '', '', '', 'Lyon', ''),
	(30, 'France', 'CHRU Clermont-Ferrand Gabriel Montpied', '', '', '', 'Clermont-Ferrand', ''),
	(31, 'France', 'CHRU Montpellier Gui de Chauliac', '', '', '', 'Montpellier', ''),
	(33, 'France', 'IRM des sources', '', '', '', 'Lyon', ''),
	(35, 'France', 'IPB Strasbourg', '', '', '', 'Strasbourg', ''),
	(36, 'France', 'Hôpital de la Timone - Marseille', '', '13005', '264 rue St Pierre', 'Marseille', 'http://fr.ap-hm.fr/nos-hopitaux/hopital-de-la-timone'),
	(37, 'France', 'HCL - Hôpital Pierre Wertheimer', '', '69677', '59 bvd Pinel', 'Lyon', 'http://www.chu-lyon.fr/web/Hopital_Pierre-w_2346.html'),
	(38, 'France', 'CHU - Charles-Nicolle- Rouen', '', '76031', '1 rue de Germont', 'Rouen', 'http://www3.chu-rouen.fr/internet/connaitreCHU/reperes/soins/charles_nicolle/'),
	(39, 'France', 'CHU - Dijon', '', '21079', '14 rue Gaffarel', 'Dijon', 'http://www.chu-dijon.fr/'),
	(40, 'France', 'CHU - Hôpital Central - Nancy', '', '54035', '29 avenue du Maréchal de Lattre de Tassigny', 'Nancy', 'http://www.chu-nancy.fr/'),
	(41, 'France', 'CHRU - Lille', '', '59037', '2 avenue Oscar Lambret', 'Lille', 'http://www.chru-lille.fr/'),
	(43, 'France', 'Hôpital Beaujon -Paris', '', '92110', '100 boulevard du général Leclerc', 'Clichy', 'http://www.aphp.fr/hopital/beaujon/'),
	(44, 'France', 'Hôpital Bicêtre - Paris', '', '94275', '78 rue du général Leclerc', 'Le Kremlin Bicetre', ''),
	(45, 'France', 'Hopital d\'Instruction des Armées Sainte Anne', '0483162014', '83800', '2 bvd Sainte Anne', 'Toulon', 'http://www.sainteanne.org/'),
	(46, 'France', 'CHU St-Etienne', '0477829226', '42277', 'Hôpital Nord- avenue albert raimond', 'St Priest en Jarez - St Etienne', 'http://www.chu-st-etienne.fr/'),
	(47, 'France', 'CH Annecy Genevois', '', '74374', '1avenue de l\'hôpital', 'Metz - Tessy', 'http://www.ch-annecygenevois.fr/fr'),
	(48, 'France', 'Hopital Nord - Marseille', '0491380000', '13915', 'Chemin des Bourrely', 'Marseille', 'http://fr.ap-hm.fr/nos-hopitaux/hopital-nord'),
	(49, 'France', 'Hopital Pitié Salpétrière', '0157274007', '75013', '47-83 bd de l’hôpital', 'Paris', ''),
	(50, 'France', 'CHU St Roch - Nice', '', '06006', '5 rue Pierre Devoluy', 'Nice', ''),
	(51, 'France', 'CHU Poitiers', '', '86000', 'rue de la miletrie', 'Poitiers', ''),
	(52, 'France', 'Hôpital Saint-Anne', '', '', '', 'Paris', ''),
	(53, '', 'CHU Limoges', '', '', '', 'Limoges', ''),
	(54, '', 'CHU Angers', '', '', '', 'Angers', ''),
	(55, 'France', 'CHU Sud Reunion', '0262359000', '97448', 'Avenue du Président Mitterrand', 'SAINT-PIERRE', 'http://www.chu-reunion.fr'),
	(56, '', 'Hôpital Clairval', '', '', '', 'Marseille', ''),
	(57, '', 'CHU Amiens', '', '', '', 'Amiens', ''),
	(58, '', 'CHU Rouen', '', '', '', 'Rouen', ''),
	(59, '', 'CHU Clermont Ferrand', '', '', '', '', ''),
	(60, '', 'Fondation Ophtalmologique de Rothschild', '', '', '', '', ''),
	(61, '', 'CHU Montpellier', '', '', '', 'Montpellier', ''),
	(62, '', 'CHRU Besançon', '', '', '', '', ''),
	(63, '', 'CHD de Vendée', '', '', '', '', ''),
	(64, '', 'CHU Grenoble', '', '', '', 'Grenoble', ''),
	(65, '', 'CHRU de Tours', '', '', '', '', ''),
	(66, 'Colmar', 'Hôpitaux Civils de Colmar', '', '', '', '', ''),
	(67, '', 'CH Colmar', '', '', '', 'Colmar', ''),
	(68, '', 'CREATIS', '', '', '', 'Lyon', '');

CREATE TABLE `study` (
  `id` bigint(20) NOT NULL,
  `clinical` bit(1) NOT NULL,
  `coordinator_id` bigint(20) DEFAULT NULL,
  `downloadable_by_default` bit(1) NOT NULL,
  `end_date` date DEFAULT NULL,
  `mono_center` bit(1) NOT NULL,
  `name` varchar(255) NOT NULL,
  `start_date` date DEFAULT NULL,
  `study_status` int(11) NOT NULL,
  `study_type` int(11) DEFAULT NULL,
  `visible_by_default` bit(1) NOT NULL,
  `with_examination` bit(1) NOT NULL,
  PRIMARY KEY (`id`),
  UNIQUE KEY `UK_q5qxcb7ermaxmp5f2wx2rj28n` (`name`)
) ENGINE=InnoDB DEFAULT CHARSET=utf8;

INSERT INTO study
	(id, Clinical, coordinator_id, downloadable_by_default, end_date, mono_center, name, start_date, study_status, study_type, visible_by_default, with_examination)
VALUES
	(1, '\0', NULL, '\0', NULL, 1, 'NATIVE Divers', '2009-11-02 00:00:00', 'in,_progress', 'Methodological', '\0', 1),
	(2, 1, 2, '\0', '2015-12-31 00:00:00', '\0', 'USPIO-6', '2009-07-01 00:00:00', 'in,_progress', 'Clinical', '\0', 1),
	(3, '\0', NULL, '\0', NULL, 1, 'Phantom Qualite', NULL, 'in,_progress', 'Methodological', '\0', 1),
	(4, '\0', NULL, '\0', NULL, 1, 'AtlasDIR@Neurinfo', NULL, 'in,_progress', 'Methodological', '\0', 1),
	(5, '\0', NULL, '\0', NULL, 1, 'DIR@Epilepsie', NULL, 'in,_progress', 'Methodological', '\0', 1),
	(6, '\0', NULL, '\0', NULL, 1, 'Emodes', NULL, 'in,_progress', 'Methodological', '\0', 1),
	(7, '\0', NULL, '\0', NULL, 1, 'Moelle', NULL, 'in,_progress', 'Methodological', '\0', 1),
	(9, '\0', NULL, '\0', NULL, 1, '3D T1 ', NULL, 'in,_progress', 'Methodological', '\0', '\0'),
	(10, '\0', NULL, '\0', NULL, 1, 'CIS DIR', NULL, 'in,_progress', 'Methodological', '\0', 1),
	(11, '\0', NULL, '\0', NULL, 1, 'Transfert', NULL, 'in,_progress', 'Methodological', '\0', '\0'),
	(12, '\0', NULL, '\0', NULL, 1, 'IRMf ', NULL, 'in,_progress', 'Methodological', '\0', 1),
	(13, '\0', NULL, '\0', NULL, 1, 'isaSegTum', '2010-12-02 00:00:00', 'in,_progress', 'Methodological', '\0', 1),
	(14, 1, NULL, '\0', NULL, 1, 'asl_SEP', '2011-01-17 00:00:00', 'in,_progress', 'Clinical', '\0', 1),
	(15, '\0', NULL, '\0', NULL, 1, 'asl_CTL', '2011-01-24 00:00:00', 'in,_progress', 'Methodological', '\0', 1),
	(17, '\0', NULL, '\0', NULL, 1, 'DIFF_ISCHEMIE', NULL, 'in,_progress', 'Methodological', '\0', 1),
	(18, 1, NULL, '\0', NULL, 1, 'USPIO-6 ASL', NULL, 'in,_progress', 'Clinical', '\0', 1),
	(19, 1, NULL, '\0', '2012-04-01 00:00:00', 1, 'transIRMf', '2011-03-01 00:00:00', 'finished', 'Clinical', '\0', 1),
	(20, '\0', NULL, '\0', NULL, 1, 'AngioIRM_NATIVE_QISS', NULL, 'in,_progress', 'Methodological', '\0', 1),
	(21, '\0', NULL, '\0', NULL, 1, 'FIM', '2011-05-03 00:00:00', 'in,_progress', 'Methodological', '\0', 1),
	(22, '\0', NULL, '\0', NULL, 1, 'DEPRESIST', NULL, 'in,_progress', 'Methodological', '\0', 1),
	(23, '\0', NULL, '\0', NULL, 1, 'FIM ft', NULL, 'in,_progress', 'Methodological', '\0', 1),
	(24, '\0', NULL, '\0', NULL, 1, 'Jonin', NULL, 'in,_progress', 'Methodological', '\0', 1),
	(25, '\0', NULL, '\0', NULL, 1, 'DEEP', NULL, 'in,_progress', 'Methodological', '\0', 1),
	(26, 1, NULL, '\0', '2010-01-29 00:00:00', 1, 'ASL IP', '2009-12-01 00:00:00', 'finished', 'Clinical', '\0', 1),
	(27, 1, NULL, '\0', '2010-01-29 00:00:00', 1, 'ASLf mt', '2009-12-01 00:00:00', 'finished', 'Clinical', '\0', 1),
	(28, 1, NULL, '\0', NULL, 1, 'asl_tum', NULL, 'in,_progress', 'Clinical', '\0', 1),
	(29, 1, NULL, '\0', NULL, 1, 'asl_vasc', NULL, 'in,_progress', 'Clinical', '\0', 1),
	(30, '\0', NULL, '\0', NULL, 1, 'PNGI', NULL, 'in,_progress', 'Methodological', '\0', 1),
	(31, '\0', NULL, '\0', NULL, 1, 'DIR EP CLIN', NULL, 'in,_progress', 'Methodological', '\0', 1),
	(32, '\0', NULL, '\0', NULL, 1, 'ASL SENSE 2', NULL, 'finished', 'Methodological', '\0', '\0'),
	(33, '\0', 22, '\0', '2013-03-14 00:00:00', '\0', 'OFSEP_Test_Lyon', '2012-12-14 00:00:00', 'finished', 'Clinical', '\0', 1),
	(34, '\0', 2, '\0', NULL, '\0', 'iQALY-SEP', NULL, 'in,_progress', 'Methodological', '\0', 1),
	(35, '\0', NULL, '\0', NULL, 1, 'AINSI-GIN', NULL, 'finished', 'Clinical', '\0', 1),
	(36, '\0', NULL, '\0', NULL, 1, 'PerfT1', NULL, 'in,_progress', 'Methodological', '\0', 1),
	(37, '\0', NULL, '\0', NULL, 1, 'ASL DEM', NULL, 'in,_progress', 'Methodological', '\0', 1),
	(38, '\0', NULL, '\0', NULL, 1, 'Dysphasie', NULL, 'finished', 'Methodological', '\0', 1),
	(39, '\0', NULL, '\0', NULL, 1, 'NCE MRA', '2011-12-01 00:00:00', 'in,_progress', 'Methodological', '\0', 1),
	(40, '\0', NULL, '\0', NULL, 1, 'VPIPRO', NULL, 'in,_progress', 'Methodological', '\0', 1),
	(41, '\0', NULL, '\0', NULL, 1, 'MTX_sep', NULL, 'in,_progress', 'Methodological', '\0', 1),
	(42, '\0', NULL, '\0', NULL, 1, 'SURFER', NULL, 'in,_progress', 'Methodological', '\0', 1),
	(43, '\0', 1, '\0', NULL, '\0', 'AINSI', NULL, 'in,_progress', 'Methodological', '\0', 1),
	(44, '\0', NULL, '\0', NULL, 1, '1RO100', NULL, 'in,_progress', 'Methodological', '\0', 1),
	(45, '\0', 37, '\0', NULL, '\0', 'CoCoA', '2012-01-03 00:00:00', 'in,_progress', 'Methodological', '\0', 1),
	(46, '\0', 37, '\0', NULL, '\0', 'Synesthesia', '2012-01-05 00:00:00', 'finished', 'Clinical', '\0', 1),
	(47, '\0', NULL, '\0', NULL, 1, 'HYP_T2', NULL, 'in,_progress', 'Methodological', '\0', 1),
	(48, '\0', NULL, '\0', NULL, 1, 'DEPAPATHIE', '2012-07-13 00:00:00', 'in,_progress', 'Methodological', '\0', 1),
	(49, '\0', NULL, '\0', NULL, 1, 'AfaCorVis3D', '2012-07-16 00:00:00', 'in,_progress', 'Methodological', '\0', 1),
	(50, '\0', NULL, '\0', '2013-08-30 00:00:00', 1, 'DIVASL', '2012-07-25 00:00:00', 'finished', 'Methodological', '\0', 1),
	(51, '\0', NULL, '\0', NULL, 1, 'IQALY-SEP+', NULL, 'in,_progress', 'Methodological', '\0', 1),
	(52, '\0', NULL, '\0', '2012-09-01 00:00:00', 1, 'MIDI', '2012-08-02 00:00:00', 'finished', 'Methodological', '\0', 1),
	(53, '\0', NULL, '\0', '2011-04-01 00:00:00', 1, 'Emodes_Pilote', '2010-01-01 00:00:00', 'finished', 'Clinical', '\0', 1),
	(54, '\0', NULL, '\0', '2012-08-09 00:00:00', 1, 'ATLDIF', '2012-08-08 00:00:00', 'finished', 'Methodological', '\0', 1),
	(55, '\0', NULL, '\0', NULL, 1, 'AVCPOSTIM', '2012-09-13 00:00:00', 'in,_progress', 'Methodological', '\0', 1),
	(56, '\0', NULL, '\0', NULL, 1, 'EMOCAR', NULL, 'in,_progress', 'Methodological', '\0', 1),
	(57, '\0', NULL, '\0', NULL, 1, 'MALTA', '2012-11-14 00:00:00', 'in,_progress', 'Methodological', '\0', 1),
	(58, '\0', NULL, '\0', NULL, 1, 'NCE MRA PHANTOM', NULL, 'in,_progress', 'Methodological', '\0', 1),
	(59, 1, 2, '\0', '2015-12-31 00:00:00', '\0', 'USPIO-6 C', '2009-07-01 00:00:00', 'in,_progress', 'Clinical', '\0', 1),
	(60, '\0', 2, '\0', '2013-07-31 00:00:00', '\0', 'OFSEP_Pilot_Marseille', '2013-01-01 00:00:00', 'finished', 'Methodological', '\0', 1),
	(61, 1, NULL, '\0', NULL, 1, 'HEPAT_M', '2013-01-10 00:00:00', 'in,_progress', 'Clinical', '\0', 1),
	(62, '\0', NULL, '\0', NULL, 1, 'OFSEP_Pilot_U825', '2013-01-16 00:00:00', 'in,_progress', 'Methodological', '\0', 1),
	(63, 1, NULL, '\0', NULL, 1, 'GRECCAR 4', NULL, 'in,_progress', 'Clinical', '\0', 1),
	(64, 1, 2, '\0', '2013-05-06 00:00:00', '\0', 'OFSEP_Pilot_Rennes', '2013-12-02 00:00:00', 'finished', 'Clinical', '\0', 1),
	(65, 1, NULL, '\0', NULL, 1, 'OFSEP_Pilot_Vannes', '2013-01-14 00:00:00', 'in,_progress', 'Clinical', '\0', 1),
	(66, 1, NULL, '\0', NULL, 1, 'TMS Depression', NULL, 'in,_progress', 'Clinical', '\0', 1),
	(67, 1, NULL, '\0', NULL, 1, 'OFSEP_Pilot_Reims', '2013-01-29 00:00:00', 'in,_progress', 'Clinical', '\0', 1),
	(68, '\0', NULL, '\0', NULL, 1, 'OFSEP_Pilot_Paris', '2013-02-01 00:00:00', 'in,_progress', 'Methodological', '\0', 1),
	(69, '\0', NULL, '\0', NULL, 1, 'EPI-DISTO', '2013-02-05 00:00:00', 'in,_progress', 'Methodological', '\0', 1),
	(70, '\0', NULL, '\0', NULL, 1, 'SSS-DIMO', NULL, 'in,_progress', 'Methodological', '\0', 1),
	(71, '\0', NULL, '\0', NULL, 1, 'Methodo ASL', '2013-02-18 00:00:00', 'in,_progress', 'Methodological', '\0', 1),
	(72, '\0', NULL, '\0', '2013-05-06 00:00:00', 1, 'OFSEP_Rennes', '2013-01-07 00:00:00', 'finished', 'Methodological', '\0', 1),
	(73, '\0', NULL, '\0', '2013-05-06 00:00:00', 1, 'OFSEP_Grenoble', '2013-02-04 00:00:00', 'finished', 'Clinical', '\0', 1),
	(74, '\0', NULL, '\0', NULL, 1, 'HORAW', NULL, 'in,_progress', 'Methodological', '\0', 1),
	(75, '\0', NULL, '\0', '2013-05-06 00:00:00', 1, 'OFSEP_Pilot_CHLS', '2013-02-04 00:00:00', 'finished', 'Clinical', '\0', 1),
	(76, 1, 71, '\0', '2016-12-30 00:00:00', 1, 'PSY MORPHO ASL', '2013-03-06 00:00:00', 'in,_progress', 'Clinical', '\0', 1),
	(77, '\0', 5, '\0', NULL, '\0', 'MS-REPAIR', NULL, 'in,_progress', 'Methodological', '\0', 1),
	(78, '\0', NULL, '\0', '2013-05-06 00:00:00', 1, 'OFSEP_Pilot_Hopital-Neuro', '2013-03-12 00:00:00', 'finished', 'Clinical', '\0', 1),
	(79, '\0', NULL, '\0', '2013-05-06 00:00:00', 1, 'OFSEP_Pilot_Bordeaux', '2013-02-04 00:00:00', 'finished', 'Clinical', '\0', 1),
	(80, '\0', NULL, '\0', '2014-10-31 00:00:00', 1, 'AVCPOSTIM MORPHO', '2013-10-11 00:00:00', 'in,_progress', 'Methodological', '\0', 1),
	(81, '\0', NULL, '\0', NULL, 1, 'CAPP-CATI', '2013-01-01 00:00:00', 'in,_progress', 'Methodological', '\0', 1),
	(82, '\0', 80, '\0', NULL, '\0', 'MS-SPI', NULL, 'in,_progress', 'Clinical', '\0', 1),
	(83, '\0', NULL, '\0', NULL, 1, 'DEEP GREEN', '2013-12-03 00:00:00', 'in,_progress', 'Methodological', '\0', 1),
	(84, '\0', NULL, '\0', NULL, 1, '*TEST', NULL, 'in,_progress', 'Methodological', '\0', 1),
	(85, '\0', NULL, '\0', NULL, 1, '*Volontaires Sains', NULL, 'in,_progress', 'Methodological', '\0', 1),
	(86, '\0', 2, '\0', NULL, '\0', 'EMISEP_Pilote', NULL, 'in,_progress', 'Methodological', '\0', 1),
	(87, '\0', NULL, '\0', NULL, 1, 'LONGIDEP', '2014-03-03 00:00:00', 'in,_progress', 'Methodological', '\0', '\0'),
	(88, '\0', NULL, '\0', NULL, 1, 'MP2Relaxo', '2014-03-18 00:00:00', 'in,_progress', 'Methodological', '\0', 1),
	(89, '\0', NULL, '\0', NULL, 1, 'PERINE_Pilote', '2014-04-22 00:00:00', 'in,_progress', 'Methodological', '\0', 1),
	(90, '\0', NULL, '\0', NULL, 1, 'VEP', '2014-05-07 00:00:00', 'in,_progress', 'Methodological', '\0', 1),
	(91, '\0', NULL, '\0', NULL, 1, 'OptimMS', '2014-05-22 00:00:00', 'in,_progress', 'Methodological', '\0', 1),
	(92, '\0', 84, '\0', NULL, '\0', 'MoNICa', NULL, 'in,_progress', 'Methodological', '\0', 1),
	(93, '\0', NULL, '\0', NULL, 1, 'ASL_Pilote', NULL, 'in,_progress', 'Methodological', '\0', 1),
	(94, '\0', 2, '\0', NULL, '\0', 'EMISEP', '2014-02-03 00:00:00', 'in,_progress', 'Methodological', '\0', 1),
	(96, '\0', 1, '\0', NULL, '\0', 'ASL_Pilote_CATI', NULL, 'in,_progress', 'Methodological', '\0', 1),
	(97, '\0', NULL, '\0', NULL, 1, 'HEMISFER_Pilote', '2014-06-20 00:00:00', 'in,_progress', 'Methodological', '\0', 1),
	(98, '\0', NULL, '\0', NULL, 1, 'HEMOCOEUR', '2014-07-01 00:00:00', 'in,_progress', 'Methodological', '\0', 1),
	(99, '\0', 91, '\0', NULL, '\0', 'F-Tract', '2014-07-17 00:00:00', 'in,_progress', 'Methodological', '\0', 1),
	(100, '\0', 95, '\0', NULL, '\0', 'OxyTC', NULL, 'in,_progress', 'Clinical', '\0', 1),
	(101, '\0', NULL, '\0', NULL, 1, 'PERINE', '2014-11-19 00:00:00', 'in,_progress', 'Methodological', '\0', 1),
	(102, '\0', NULL, '\0', NULL, 1, 'LUNG', '2014-11-20 00:00:00', 'in,_progress', 'Methodological', '\0', 1),
	(103, '\0', NULL, '\0', NULL, 1, 'T1Mapping_Repro', '2014-11-20 00:00:00', 'in,_progress', 'Methodological', '\0', 1),
	(104, '\0', NULL, '\0', '2015-12-02 00:00:00', 1, 'Sprite', '2014-12-02 00:00:00', 'finished', 'Clinical', '\0', 1),
	(105, '\0', NULL, '\0', '2017-12-01 00:00:00', 1, 'AGIR-PARK', '2014-12-02 00:00:00', 'in,_progress', 'Methodological', '\0', 1),
	(106, '\0', NULL, '\0', NULL, 1, 'RICART', NULL, 'in,_progress', 'Methodological', '\0', 1),
	(107, 1, NULL, '\0', NULL, 1, 'HEMO MAV', '2015-01-20 00:00:00', 'in,_progress', 'Clinical', '\0', 1),
	(108, 1, NULL, '\0', NULL, 1, 'Tracto-SCP-Pilote', '2015-01-13 00:00:00', 'in,_progress', 'Clinical', '\0', 1),
	(109, '\0', NULL, '\0', NULL, 1, 'Tracto-SCP', '2015-01-13 00:00:00', 'in,_progress', 'Methodological', '\0', 1),
	(110, '\0', NULL, '\0', NULL, 1, 'ReproRelaxo', '2015-03-12 00:00:00', 'in,_progress', 'Methodological', '\0', 1),
	(111, '\0', NULL, '\0', NULL, 1, 'CineRT', NULL, 'in,_progress', 'Methodological', '\0', 1),
	(112, '\0', NULL, '\0', NULL, 1, 'BrainGraphs', '2015-04-10 00:00:00', 'in,_progress', 'Methodological', '\0', 1),
	(113, '\0', NULL, '\0', NULL, 1, 'EPMR-MA Pilote OSS', NULL, 'in,_progress', 'Methodological', '\0', 1),
	(114, '\0', NULL, '\0', NULL, 1, 'HED-O-SHIFT Pilote OSS', '2015-07-02 00:00:00', 'in,_progress', 'Methodological', '\0', 1),
	(115, '\0', NULL, '\0', NULL, 1, 'EPMR-MA', NULL, 'in,_progress', 'Clinical', '\0', 1),
	(116, '\0', NULL, '\0', NULL, 1, 'HED-O-SHIFT', NULL, 'in,_progress', 'Methodological', '\0', 1),
	(117, '\0', NULL, '\0', NULL, 1, 'CineIRM', '2015-07-03 00:00:00', 'in,_progress', 'Methodological', '\0', 1),
	(118, '\0', NULL, '\0', NULL, 1, 'COGNISEP Pilote OSS', '2015-07-10 00:00:00', 'in,_progress', 'Methodological', '\0', 1),
	(119, '\0', NULL, '\0', NULL, 1, 'PEPS EC', NULL, 'in,_progress', 'Methodological', '\0', 1),
	(120, '\0', NULL, '\0', NULL, 1, 'ASL DISTO', '2015-10-30 00:00:00', 'in,_progress', 'Clinical', '\0', 1),
	(121, '\0', NULL, '\0', NULL, 1, 'ASL_pedia', NULL, 'in,_progress', 'Clinical', '\0', 1),
	(122, '\0', NULL, '\0', NULL, 1, 'DAbdo3D', '2016-02-03 00:00:00', 'in,_progress', 'Clinical', '\0', 1),
	(123, 1, 152, '\0', NULL, '\0', 'RESSTORE', '2016-02-15 00:00:00', 'in,_progress', 'Clinical', '\0', 1),
	(124, '\0', 153, '\0', NULL, '\0', 'ICAN', NULL, 'in,_progress', 'Clinical', '\0', 1),
	(125, '\0', NULL, '\0', NULL, 1, 'ADERASL', '2016-07-20 00:00:00', 'in,_progress', 'Clinical', '\0', 1),
	(126, '\0', NULL, '\0', NULL, 1, 'test', NULL, 'in,_progress', 'Clinical', '\0', 1),
	(127, '\0', NULL, '\0', NULL, 1, 'Test_DerivedStudy', NULL, 'in,_progress', 'Clinical', '\0', 1),
	(128, '\0', NULL, '\0', NULL, 1, 'QUANT_MRI', '2016-08-04 00:00:00', 'in,_progress', 'Clinical', '\0', 1),
	(129, '\0', NULL, '\0', NULL, 1, 'MB-Diffusion', '2016-11-14 00:00:00', 'in,_progress', 'Clinical', '\0', 1),
	(130, '\0', NULL, '\0', NULL, 1, 'COGNISEP Patients', NULL, 'in,_progress', 'Clinical', '\0', 1),
	(131, '\0', NULL, '\0', NULL, 1, 'UTE4EEG', '2017-03-21 00:00:00', 'in,_progress', 'Clinical', '\0', 1),
	(132, '\0', NULL, '\0', NULL, 1, 'FastMicroDiff', NULL, 'in,_progress', 'Clinical', '\0', 1),
	(133, '\0', 191, '\0', NULL, '\0', 'CaractRF', NULL, 'in,_progress', 'Clinical', '\0', 1),
	(134, '\0', NULL, '\0', NULL, 1, 'Sharing_SynesthesiaData', NULL, 'in,_progress', 'Clinical', '\0', 1);

CREATE TABLE `protocole_file_path` (
  `study_id` bigint(20) NOT NULL,
  `path` varchar(255) DEFAULT NULL,
  KEY `FK1k7xvi02wcbuvj5cs8xp9c6h4` (`study_id`),
  CONSTRAINT `FK1k7xvi02wcbuvj5cs8xp9c6h4` FOREIGN KEY (`study_id`) REFERENCES `study` (`id`)
) ENGINE=InnoDB DEFAULT CHARSET=utf8;

CREATE TABLE `study_center` (
  `id` bigint(20) NOT NULL,
  `center_id` bigint(20) DEFAULT NULL,
  `study_id` bigint(20) DEFAULT NULL,
  PRIMARY KEY (`id`),
  KEY `FKi5ioon66o30h52tyxdqubfpdp` (`center_id`),
  KEY `FK2hmmh3c0w1tk8npi76hpvf09i` (`study_id`),
  CONSTRAINT `FK2hmmh3c0w1tk8npi76hpvf09i` FOREIGN KEY (`study_id`) REFERENCES `study` (`id`),
  CONSTRAINT `FKi5ioon66o30h52tyxdqubfpdp` FOREIGN KEY (`center_id`) REFERENCES `center` (`id`)
) ENGINE=InnoDB AUTO_INCREMENT=289 DEFAULT CHARSET=utf8;

INSERT INTO study_center
	(id, center_id, study_id)
VALUES
	(1, 1, 1),
	(2, 1, 2),
	(3, 2, 2),
	(4, 3, 2),
	(5, 4, 2),
	(6, 1, 3),
	(7, 1, 4),
	(8, 1, 5),
	(10, 1, 7),
	(12, 1, 9),
	(13, 1, 10),
	(14, 1, 11),
	(15, 1, 12),
	(16, 1, 13),
	(17, 1, 14),
	(18, 1, 15),
	(21, 1, 17),
	(22, 1, 18),
	(23, 1, 19),
	(24, 1, 20),
	(25, 1, 21),
	(26, 1, 22),
	(27, 1, 23),
	(28, 1, 24),
	(29, 1, 25),
	(30, 1, 26),
	(31, 1, 27),
	(32, 1, 28),
	(33, 1, 29),
	(34, 1, 30),
	(35, 1, 31),
	(36, 1, 18),
	(37, 1, 32),
	(39, 1, 33),
	(40, 9, 34),
	(41, 2, 34),
	(42, 7, 34),
	(43, 10, 34),
	(44, 11, 34),
	(45, 12, 34),
	(46, 1, 34),
	(47, 13, 34),
	(48, 1, 34),
	(50, 1, 36),
	(51, 1, 37),
	(52, 1, 38),
	(53, 1, 39),
	(54, 1, 40),
	(55, 1, 41),
	(56, 1, 42),
	(57, 1, 43),
	(58, 14, 43),
	(59, 1, 44),
	(60, 15, 45),
	(61, 15, 46),
	(65, 14, 46),
	(66, 14, 45),
	(67, 14, 35),
	(68, 1, 47),
	(69, 1, 48),
	(72, 1, 49),
	(73, 1, 50),
	(74, 1, 51),
	(75, 1, 18),
	(76, 1, 51),
	(77, 1, 51),
	(78, 1, 51),
	(79, 1, 52),
	(80, 1, 51),
	(81, 1, 51),
	(82, 1, 53),
	(83, 1, 54),
	(84, 1, 53),
	(85, 1, 6),
	(86, 1, 55),
	(87, 1, 56),
	(88, 1, 55),
	(89, 1, 57),
	(90, 5, 33),
	(91, 18, 33),
	(92, 1, 58),
	(93, 19, 33),
	(94, 20, 33),
	(95, 21, 33),
	(96, 22, 33),
	(97, 10, 46),
	(98, 1, 59),
	(99, 2, 59),
	(100, 4, 59),
	(101, 3, 59),
	(102, 10, 59),
	(103, 4, 60),
	(104, 1, 60),
	(105, 1, 61),
	(106, 23, 62),
	(107, 1, 63),
	(108, 1, 64),
	(109, 24, 64),
	(110, 25, 65),
	(111, 1, 66),
	(112, 2, 67),
	(114, 27, 68),
	(115, 1, 69),
	(116, 1, 70),
	(117, 1, 71),
	(118, 1, 72),
	(119, 14, 73),
	(120, 1, 74),
	(121, 29, 75),
	(126, 1, 76),
	(127, 1, 77),
	(128, 4, 77),
	(129, 2, 77),
	(132, 5, 78),
	(133, 28, 79),
	(134, 1, 80),
	(135, 1, 81),
	(136, 1, 82),
	(137, 2, 82),
	(138, 4, 82),
	(139, 10, 82),
	(140, 30, 82),
	(141, 3, 82),
	(142, 31, 34),
	(143, 1, 83),
	(144, 1, 84),
	(145, 1, 85),
	(146, 1, 86),
	(147, 12, 86),
	(148, 4, 86),
	(149, 2, 86),
	(150, 10, 86),
	(151, 3, 86),
	(152, 1, 87),
	(153, 1, 88),
	(154, 1, 89),
	(155, 1, 90),
	(156, 1, 91),
	(157, 5, 92),
	(158, 33, 92),
	(160, 31, 86),
	(161, 30, 86),
	(163, 29, 86),
	(164, 28, 86),
	(165, 35, 86),
	(166, 1, 93),
	(167, 1, 94),
	(168, 12, 94),
	(169, 31, 94),
	(170, 30, 94),
	(171, 4, 94),
	(172, 29, 94),
	(173, 35, 94),
	(174, 28, 94),
	(175, 10, 94),
	(176, 2, 94),
	(177, 3, 94),
	(182, 1, 96),
	(183, 14, 96),
	(184, 1, 97),
	(188, 15, 99),
	(189, 14, 99),
	(192, 14, 100),
	(193, 1, 101),
	(194, 1, 102),
	(195, 1, 103),
	(196, 10, 104),
	(198, 14, 105),
	(200, 1, 106),
	(201, 1, 107),
	(202, 1, 108),
	(203, 1, 109),
	(204, 1, 98),
	(205, 36, 100),
	(207, 28, 100),
	(208, 9, 100),
	(210, 1, 100),
	(212, 39, 100),
	(213, 40, 100),
	(214, 41, 100),
	(216, 43, 100),
	(217, 44, 100),
	(218, 1, 110),
	(219, 1, 111),
	(220, 1, 112),
	(221, 1, 113),
	(222, 31, 100),
	(223, 45, 100),
	(224, 46, 100),
	(225, 1, 114),
	(226, 1, 115),
	(227, 1, 116),
	(228, 1, 117),
	(229, 1, 118),
	(230, 1, 119),
	(231, 47, 100),
	(232, 38, 100),
	(233, 48, 100),
	(236, 49, 100),
	(237, 50, 100),
	(238, 1, 120),
	(239, 51, 100),
	(240, 1, 121),
	(243, 1, 122),
	(244, 14, 123),
	(245, 15, 123),
	(246, 30, 100),
	(248, 5, 100),
	(249, 10, 100),
	(250, 11, 124),
	(251, 52, 124),
	(252, 53, 124),
	(253, 54, 124),
	(254, 55, 124),
	(255, 56, 124),
	(256, 57, 124),
	(257, 1, 124),
	(258, 58, 124),
	(259, 59, 124),
	(260, 60, 124),
	(261, 46, 124),
	(262, 61, 124),
	(263, 44, 124),
	(264, 40, 124),
	(265, 62, 124),
	(266, 1, 125),
	(267, 16, 124),
	(268, 28, 126),
	(269, 1, 127),
	(270, 1, 128),
	(271, 51, 124),
	(272, 63, 124),
	(273, 10, 124),
	(274, 49, 124),
	(275, 28, 124),
	(276, 64, 124),
	(277, 39, 124),
	(278, 65, 124),
	(279, 1, 129),
	(280, 66, 124),
	(281, 67, 124),
	(282, 1, 130),
	(283, 2, 124),
	(284, 1, 131),
	(285, 1, 132),
	(286, 1, 133),
	(287, 68, 133),
	(288, 15, 134);

CREATE TABLE `study_examination` (
  `study_id` bigint(20) NOT NULL,
  `examination_id` bigint(20) DEFAULT NULL,
  KEY `FKlbokvx0u8921ujhfyh1751ssl` (`study_id`),
  CONSTRAINT `FKlbokvx0u8921ujhfyh1751ssl` FOREIGN KEY (`study_id`) REFERENCES `study` (`id`)
) ENGINE=InnoDB DEFAULT CHARSET=utf8;

INSERT INTO study_examination
	(study_id, examination_id)
VALUES
	(1,2),
	(1,3),
	(1,4),
	(1,6),
	(1,7),
	(1,8),
	(1,9),
	(1,10),
	(1,11),
	(1,12),
	(1,13),
	(1,14),
	(1,15),
	(1,16),
	(1,17),
	(1,18),
	(1,19),
	(1,20),
	(1,21),
	(1,22),
	(1,23),
	(1,24),
	(1,25),
	(1,26),
	(1,27),
	(1,28),
	(1,29),
	(1,30),
	(1,31),
	(1,32);

CREATE TABLE `study_study_card` (
  `study_id` bigint(20) NOT NULL,
  `study_card_id` bigint(20) DEFAULT NULL,
  KEY `FKeutuw850j87x31io2brvsoedn` (`study_id`),
  CONSTRAINT `FKeutuw850j87x31io2brvsoedn` FOREIGN KEY (`study_id`) REFERENCES `study` (`id`)
) ENGINE=InnoDB DEFAULT CHARSET=utf8;

INSERT INTO study_study_card
	(study_id, study_card_id)
VALUES
	(1, 1),
	(2, 2),
	(3, 3),
	(4, 4),
	(5, 5),
	(6, 6),
	(7, 7),
	(9, 9),
	(11, 11),
	(12, 12),
	(13, 13),
	(14, 14),
	(15, 15),
	(17, 16),
	(19, 17),
	(20, 18),
	(21, 19),
	(22, 20),
	(23, 21),
	(24, 22),
	(25, 23),
	(2, 24),
	(2, 25),
	(27, 26),
	(26, 27),
	(28, 28),
	(29, 29),
	(30, 30),
	(30, 31),
	(31, 32),
	(18, 33),
	(32, 34),
	(33, 35),
	(34, 36),
	(34, 37),
	(35, 38),
	(34, 39),
	(36, 40),
	(37, 41),
	(34, 44),
	(38, 45),
	(39, 46),
	(40, 47),
	(7, 48),
	(7, 49),
	(41, 50),
	(2, 51),
	(2, 52),
	(2, 53),
	(42, 54),
	(43, 55),
	(44, 56),
	(45, 57),
	(47, 58),
	(48, 59),
	(49, 60),
	(46, 61),
	(50, 62),
	(51, 63),
	(52, 64),
	(53, 65),
	(54, 66),
	(55, 67),
	(56, 68),
	(57, 69),
	(33, 70),
	(33, 71),
	(33, 72),
	(58, 73),
	(33, 74),
	(33, 75),
	(33, 76),
	(33, 78),
	(33, 79),
	(33, 80),
	(33, 81),
	(46, 82),
	(60, 83),
	(61, 84),
	(62, 85),
	(63, 86),
	(64, 87),
	(64, 88),
	(65, 89),
	(66, 90),
	(67, 91),
	(68, 92),
	(69, 93),
	(70, 94),
	(71, 95),
	(72, 97),
	(72, 98),
	(73, 99),
	(74, 100),
	(75, 101),
	(76, 104),
	(77, 105),
	(77, 106),
	(78, 108),
	(79, 109),
	(79, 110),
	(77, 111),
	(80, 112),
	(81, 113),
	(82, 114),
	(82, 115),
	(82, 116),
	(82, 117),
	(82, 118),
	(34, 119),
	(83, 120),
	(82, 121),
	(84, 122),
	(86, 123),
	(87, 124),
	(88, 125),
	(89, 126),
	(90, 127),
	(91, 128),
	(92, 129),
	(92, 130),
	(86, 131),
	(86, 132),
	(86, 133),
	(86, 134),
	(86, 135),
	(93, 136),
	(93, 137),
	(94, 138),
	(94, 139),
	(94, 140),
	(94, 141),
	(94, 142),
	(94, 143),
	(96, 144),
	(97, 145),
	(98, 146),
	(96, 147),
	(94, 148),
	(86, 151),
	(94, 152),
	(99, 153),
	(101, 154),
	(102, 155),
	(103, 156),
	(104, 158),
	(105, 159),
	(100, 160),
	(84, 161),
	(106, 162),
	(94, 163),
	(86, 164),
	(94, 165),
	(86, 166),
	(107, 167),
	(108, 168),
	(109, 169),
	(110, 174),
	(111, 175),
	(112, 176),
	(113, 177),
	(100, 178),
	(100, 179),
	(100, 180),
	(114, 181),
	(115, 182),
	(116, 183),
	(117, 184),
	(118, 185),
	(100, 186),
	(119, 187),
	(100, 188),
	(100, 189),
	(100, 190),
	(100, 191),
	(100, 192),
	(100, 193),
	(100, 194),
	(100, 195),
	(100, 196),
	(120, 197),
	(100, 198),
	(100, 199),
	(100, 200),
	(100, 201),
	(121, 202),
	(94, 203),
	(122, 204),
	(100, 205),
	(100, 206),
	(124, 207),
	(100, 208),
	(100, 209),
	(108, 210),
	(124, 211),
	(124, 212),
	(124, 213),
	(124, 214),
	(124, 215),
	(124, 216),
	(124, 217),
	(124, 218),
	(124, 219),
	(124, 220),
	(124, 221),
	(124, 222),
	(124, 223),
	(124, 224),
	(124, 225),
	(124, 226),
	(124, 227),
	(124, 228),
	(124, 229),
	(124, 230),
	(124, 231),
	(124, 232),
	(124, 233),
	(124, 234),
	(124, 235),
	(124, 236),
	(124, 237),
	(124, 238),
	(124, 239),
	(124, 240),
	(124, 241),
	(124, 242),
	(124, 243),
	(124, 244),
	(124, 245),
	(124, 246),
	(124, 247),
	(124, 248),
	(124, 249),
	(124, 250),
	(124, 251),
	(124, 252),
	(124, 253),
	(124, 254),
	(124, 255),
	(124, 256),
	(124, 257),
	(124, 258),
	(124, 259),
	(124, 260),
	(124, 261),
	(124, 262),
	(124, 263),
	(124, 264),
	(124, 265),
	(125, 266),
	(82, 267),
	(124, 268),
	(124, 269),
	(124, 270),
	(127, 271),
	(128, 272),
	(124, 273),
	(124, 274),
	(124, 275),
	(124, 276),
	(124, 277),
	(124, 278),
	(124, 279),
	(124, 280),
	(124, 281),
	(124, 282),
	(124, 283),
	(124, 284),
	(124, 285),
	(124, 286),
	(82, 287),
	(82, 288),
	(124, 289),
	(124, 290),
	(124, 291),
	(124, 292),
	(124, 293),
	(124, 294),
	(124, 295),
	(124, 296),
	(124, 297),
	(124, 298),
	(124, 299),
	(124, 300),
	(124, 301),
	(124, 302),
	(124, 303),
	(124, 304),
	(124, 305),
	(124, 306),
	(124, 307),
	(129, 308),
	(124, 309),
	(124, 310),
	(130, 311),
	(124, 312),
	(124, 313),
	(124, 314),
	(124, 315),
	(124, 316),
	(124, 317),
	(124, 318),
	(131, 319),
	(132, 320),
	(133, 321);

CREATE TABLE `study_user` (
  `receive_anonymization_report` bit(1) NOT NULL,
  `receive_new_import_report` bit(1) NOT NULL,
  `study_user_type` int(11) NOT NULL,
  `user_id` bigint(20) DEFAULT NULL,
  `study_id` bigint(20) DEFAULT NULL,
  UNIQUE KEY (`user_id`,`study_id`),
  KEY `FKc4ftmuoc0u0ghw43dxth2m8we` (`study_id`),
  CONSTRAINT `FKc4ftmuoc0u0ghw43dxth2m8we` FOREIGN KEY (`study_id`) REFERENCES `study` (`id`)
) ENGINE=InnoDB DEFAULT CHARSET=utf8;

INSERT INTO study_user
	(receive_anonymization_report, receive_new_import_report, study_id, study_user_type, user_id)
VALUES
	(0, 0, 1, 1, 4),
	(0, 0, 3, 1, 4),
	(0, 0, 4, 1, 4),
	(0, 0, 4, 5, 11),
	(0, 0, 4, 3, 9),
	(0, 0, 5, 1, 4),
	(0, 0, 5, 3, 9),
	(0, 0, 6, 1, 4),
	(0, 0, 6, 5, 11),
	(0, 0, 6, 5, 9),
	(0, 0, 6, 5, 10),
	(0, 0, 7, 1, 4),
	(0, 0, 9, 1, 4),
	(0, 0, 11, 1, 4),
	(0, 0, 1, 3, 9),
	(0, 0, 2, 1, 4),
	(0, 0, 9, 5, 13),
	(0, 0, 12, 1, 4),
	(0, 0, 13, 1, 9),
	(0, 0, 11, 3, 9),
	(0, 0, 14, 1, 9),
	(0, 0, 2, 2, 9),
	(0, 0, 15, 1, 9),
	(0, 0, 2, 3, 17),
	(0, 0, 17, 1, 4),
	(0, 0, 17, 2, 18),
	(0, 0, 15, 2, 11),
	(0, 0, 18, 1, 9),
	(0, 0, 19, 1, 4),
	(0, 0, 19, 5, 11),
	(0, 0, 19, 3, 9),
	(0, 0, 19, 5, 10),
	(0, 0, 14, 2, 11),
	(0, 0, 20, 1, 4),
	(0, 0, 11, 5, 11),
	(0, 0, 19, 5, 17),
	(0, 0, 21, 1, 9),
	(0, 0, 2, 2, 19),
	(0, 0, 22, 1, 4),
	(0, 0, 22, 1, 9),
	(0, 0, 22, 5, 11),
	(0, 0, 23, 1, 4),
	(0, 0, 23, 1, 9),
	(0, 0, 24, 1, 3),
	(0, 0, 25, 1, 4),
	(0, 0, 15, 2, 4),
	(0, 0, 14, 2, 4),
	(0, 0, 25, 3, 23),
	(0, 0, 11, 3, 23),
	(0, 0, 5, 3, 23),
	(0, 0, 4, 3, 23),
	(0, 0, 26, 1, 4),
	(0, 0, 26, 1, 9),
	(0, 0, 26, 3, 23),
	(0, 0, 27, 1, 4),
	(0, 0, 27, 1, 9),
	(0, 0, 27, 3, 23),
	(0, 0, 26, 5, 11),
	(0, 0, 10, 1, 4),
	(0, 0, 28, 1, 4),
	(0, 0, 29, 1, 4),
	(0, 0, 28, 1, 11),
	(0, 0, 29, 1, 11),
	(0, 0, 28, 3, 23),
	(0, 0, 29, 3, 23),
	(0, 0, 27, 3, 11),
	(0, 0, 2, 2, 23),
	(0, 0, 18, 1, 4),
	(0, 0, 30, 1, 4),
	(0, 0, 30, 5, 11),
	(0, 0, 30, 5, 17),
	(0, 0, 30, 3, 9),
	(0, 0, 2, 5, 24),
	(0, 0, 18, 5, 24),
	(0, 0, 22, 5, 24),
	(0, 0, 28, 5, 24),
	(0, 0, 26, 5, 24),
	(0, 0, 5, 5, 24),
	(0, 0, 23, 5, 24),
	(0, 0, 19, 5, 24),
	(0, 0, 10, 5, 24),
	(0, 0, 4, 5, 24),
	(0, 0, 31, 1, 4),
	(0, 0, 11, 5, 17),
	(0, 0, 31, 3, 23),
	(0, 0, 18, 5, 11),
	(0, 0, 32, 1, 4),
	(0, 0, 32, 3, 9),
	(0, 0, 32, 3, 11),
	(0, 0, 32, 5, 12),
	(0, 0, 33, 1, 16),
	(0, 0, 32, 5, 26),
	(0, 0, 34, 1, 4),
	(0, 0, 34, 5, 24),
	(0, 0, 34, 3, 23),
	(0, 0, 35, 1, 26),
	(0, 0, 14, 3, 23),
	(0, 0, 23, 3, 23),
	(0, 0, 20, 3, 23),
	(0, 0, 22, 3, 23),
	(0, 0, 36, 1, 4),
	(0, 0, 36, 3, 23),
	(0, 0, 35, 5, 4),
	(0, 0, 15, 5, 27),
	(0, 0, 37, 1, 4),
	(0, 0, 37, 3, 23),
	(0, 0, 37, 1, 9),
	(0, 0, 2, 1, 12),
	(0, 0, 5, 1, 12),
	(0, 0, 18, 5, 12),
	(0, 0, 19, 1, 12),
	(0, 0, 7, 5, 12),
	(0, 0, 24, 1, 4),
	(0, 0, 37, 3, 30),
	(0, 0, 2, 5, 29),
	(0, 0, 7, 3, 17),
	(0, 0, 7, 5, 19),
	(0, 0, 7, 5, 29),
	(0, 0, 2, 5, 32),
	(0, 0, 18, 5, 32),
	(0, 0, 11, 5, 30),
	(0, 0, 7, 5, 24),
	(0, 0, 38, 1, 4),
	(0, 0, 38, 1, 11),
	(0, 0, 2, 5, 33),
	(0, 0, 28, 5, 27),
	(0, 0, 19, 3, 23),
	(0, 0, 2, 5, 34),
	(0, 0, 37, 5, 24),
	(0, 0, 39, 1, 4),
	(0, 0, 39, 3, 23),
	(0, 0, 39, 3, 36),
	(0, 0, 20, 5, 38),
	(0, 0, 40, 1, 4),
	(0, 0, 40, 3, 23),
	(0, 0, 38, 3, 23),
	(0, 0, 38, 5, 40),
	(0, 0, 7, 3, 23),
	(0, 0, 2, 3, 28),
	(0, 0, 28, 5, 30),
	(0, 0, 41, 1, 4),
	(0, 0, 41, 3, 23),
	(0, 0, 41, 1, 9),
	(0, 0, 18, 3, 23),
	(0, 0, 42, 1, 4),
	(0, 0, 42, 2, 23),
	(0, 0, 2, 3, 41),
	(0, 0, 31, 5, 11),
	(0, 0, 22, 5, 43),
	(0, 0, 23, 5, 42),
	(0, 0, 43, 1, 4),
	(0, 0, 43, 2, 23),
	(0, 0, 43, 1, 9),
	(0, 0, 43, 3, 26),
	(0, 0, 43, 1, 12),
	(0, 0, 38, 5, 28),
	(0, 0, 38, 5, 17),
	(0, 0, 38, 5, 44),
	(0, 0, 11, 5, 34),
	(0, 0, 44, 1, 4),
	(0, 0, 44, 1, 9),
	(0, 0, 44, 3, 23),
	(0, 0, 44, 5, 30),
	(0, 0, 45, 1, 26),
	(0, 0, 46, 1, 26),
	(0, 0, 45, 3, 48),
	(0, 0, 45, 1, 46),
	(0, 0, 46, 2, 47),
	(0, 0, 46, 1, 46),
	(0, 0, 34, 5, 12),
	(0, 0, 45, 5, 47),
	(0, 0, 37, 5, 17),
	(0, 0, 37, 5, 12),
	(0, 0, 37, 5, 11),
	(0, 0, 2, 5, 30),
	(0, 0, 47, 1, 4),
	(0, 0, 47, 3, 23),
	(0, 0, 33, 1, 49),
	(0, 0, 48, 1, 4),
	(0, 0, 48, 5, 51),
	(0, 0, 48, 2, 23),
	(0, 0, 49, 1, 4),
	(0, 0, 49, 3, 23),
	(0, 0, 49, 2, 52),
	(0, 0, 46, 5, 48),
	(0, 0, 48, 3, 54),
	(0, 0, 48, 5, 55),
	(0, 0, 48, 3, 9),
	(0, 0, 50, 1, 4),
	(0, 0, 50, 5, 27),
	(0, 0, 50, 5, 12),
	(0, 0, 50, 3, 23),
	(0, 0, 50, 5, 11),
	(0, 0, 51, 1, 4),
	(0, 0, 51, 2, 9),
	(0, 0, 51, 3, 23),
	(0, 0, 52, 3, 23),
	(0, 0, 52, 3, 56),
	(0, 0, 52, 3, 28),
	(0, 0, 52, 3, 17),
	(0, 0, 52, 1, 4),
	(0, 0, 53, 1, 4),
	(0, 0, 53, 5, 10),
	(0, 0, 43, 5, 17),
	(0, 0, 54, 1, 4),
	(0, 0, 54, 3, 23),
	(0, 0, 37, 5, 44),
	(0, 0, 54, 5, 57),
	(0, 0, 54, 5, 17),
	(0, 0, 54, 5, 12),
	(0, 0, 1, 3, 23),
	(0, 0, 44, 5, 11),
	(0, 0, 19, 5, 28),
	(0, 0, 54, 5, 28),
	(0, 0, 6, 2, 23),
	(0, 0, 34, 2, 9),
	(0, 0, 55, 1, 4),
	(0, 0, 55, 2, 23),
	(0, 0, 56, 1, 4),
	(0, 0, 56, 2, 23),
	(0, 0, 56, 5, 36),
	(0, 0, 55, 5, 58),
	(0, 0, 57, 1, 4),
	(0, 0, 57, 5, 24),
	(0, 0, 57, 1, 9),
	(0, 0, 40, 1, 9),
	(0, 0, 40, 5, 59),
	(0, 0, 40, 5, 61),
	(0, 0, 58, 1, 4),
	(0, 0, 58, 5, 36),
	(0, 0, 46, 5, 65),
	(0, 0, 2, 5, 68),
	(0, 0, 2, 5, 69),
	(0, 0, 2, 5, 66),
	(0, 0, 2, 5, 67),
	(0, 0, 33, 5, 19),
	(0, 0, 33, 5, 68),
	(0, 0, 33, 5, 69),
	(0, 0, 33, 5, 66),
	(0, 0, 33, 5, 67),
	(0, 0, 33, 5, 12),
	(0, 0, 59, 1, 4),
	(0, 0, 36, 5, 34),
	(0, 0, 60, 1, 3),
	(0, 0, 60, 3, 67),
	(0, 0, 60, 2, 19),
	(0, 0, 61, 1, 4),
	(0, 0, 61, 2, 23),
	(0, 0, 61, 5, 73),
	(0, 0, 61, 5, 72),
	(0, 0, 60, 5, 66),
	(0, 0, 60, 2, 63),
	(0, 0, 51, 5, 13),
	(0, 0, 62, 1, 3),
	(0, 0, 62, 1, 69),
	(0, 0, 63, 1, 4),
	(0, 0, 63, 2, 23),
	(0, 0, 63, 1, 9),
	(0, 0, 11, 5, 27),
	(0, 0, 32, 5, 74),
	(0, 0, 64, 1, 4),
	(0, 0, 64, 2, 23),
	(0, 0, 64, 5, 24),
	(0, 0, 64, 5, 12),
	(0, 0, 65, 1, 4),
	(0, 0, 65, 3, 23),
	(0, 0, 65, 5, 24),
	(0, 0, 66, 1, 4),
	(0, 0, 66, 3, 23),
	(0, 0, 66, 1, 9),
	(0, 0, 65, 5, 12),
	(0, 0, 67, 1, 3),
	(0, 0, 67, 1, 68),
	(0, 0, 67, 2, 77),
	(0, 0, 2, 2, 77),
	(0, 0, 39, 5, 27),
	(0, 0, 60, 2, 78),
	(0, 0, 60, 5, 79),
	(0, 0, 67, 5, 79),
	(0, 0, 64, 5, 79),
	(0, 0, 65, 5, 79),
	(0, 0, 59, 5, 79),
	(0, 0, 34, 5, 79),
	(0, 0, 68, 1, 3),
	(0, 0, 60, 5, 12),
	(0, 0, 67, 5, 12),
	(0, 0, 59, 5, 12),
	(0, 0, 69, 1, 4),
	(0, 0, 69, 2, 17),
	(0, 0, 69, 2, 23),
	(0, 0, 68, 5, 12),
	(0, 0, 68, 5, 79),
	(0, 0, 70, 1, 4),
	(0, 0, 69, 5, 28),
	(0, 0, 70, 5, 28),
	(0, 0, 70, 2, 23),
	(0, 0, 71, 1, 4),
	(0, 0, 71, 2, 23),
	(0, 0, 71, 1, 9),
	(0, 0, 71, 2, 27),
	(0, 0, 71, 5, 24),
	(0, 0, 58, 2, 23),
	(0, 0, 72, 1, 3),
	(0, 0, 31, 3, 12),
	(0, 0, 72, 2, 23),
	(0, 0, 72, 2, 4),
	(0, 0, 73, 1, 3),
	(0, 0, 74, 1, 4),
	(0, 0, 74, 2, 23),
	(0, 0, 74, 1, 9),
	(0, 0, 74, 5, 36),
	(0, 0, 74, 5, 24),
	(0, 0, 75, 1, 3),
	(0, 0, 76, 2, 23),
	(0, 0, NULL, 1, NULL),
	(0, 0, 75, 3, 84),
	(0, 0, 76, 1, 9),
	(0, 0, 76, 1, 4),
	(0, 0, 77, 1, 9),
	(0, 0, 77, 1, 4),
	(0, 0, 77, 2, 77),
	(0, 0, 78, 1, 3),
	(0, 0, 78, 3, 85),
	(0, 0, 69, 5, 86),
	(0, 0, 79, 1, 3),
	(0, 0, 77, 3, 87),
	(0, 0, 77, 5, 88),
	(0, 0, 77, 5, 67),
	(0, 0, 77, 2, 19),
	(0, 0, 77, 1, 78),
	(0, 0, 77, 2, 23),
	(0, 0, 77, 5, 24),
	(0, 0, 2, 5, 83),
	(0, 0, 77, 1, 12),
	(0, 0, 77, 3, 17),
	(0, 0, 77, 5, 34),
	(0, 0, 77, 2, 92),
	(0, 0, 37, 5, 28),
	(0, 0, 22, 5, 28),
	(0, 0, 19, 5, 27),
	(0, 0, 57, 2, 23),
	(0, 0, 80, 1, 4),
	(0, 0, 81, 1, 4),
	(0, 0, 80, 2, 23),
	(0, 0, 80, 2, 58),
	(0, 0, 81, 2, 23),
	(0, 0, 81, 1, 9),
	(0, 0, 82, 5, 24),
	(0, 0, 82, 1, 12),
	(0, 0, 82, 2, 77),
	(0, 0, 82, 1, 4),
	(0, 0, 82, 2, 94),
	(0, 0, 82, 3, 87),
	(0, 0, 82, 2, 67),
	(0, 0, 82, 2, 19),
	(0, 0, 77, 5, 96),
	(0, 0, 77, 5, 97),
	(0, 0, 60, 5, 95),
	(0, 0, 68, 5, 95),
	(0, 0, 67, 5, 95),
	(0, 0, 82, 2, 23),
	(0, 0, 77, 2, 98),
	(0, 0, 19, 5, 51),
	(0, 0, 22, 5, 51),
	(0, 0, 83, 1, 4),
	(0, 0, 83, 3, 23),
	(0, 0, 83, 1, 9),
	(0, 0, 44, 5, 51),
	(0, 0, 82, 5, 17),
	(0, 0, 84, 1, 3),
	(0, 0, 84, 1, 63),
	(0, 0, 82, 2, 78),
	(0, 0, 82, 3, 100),
	(0, 0, 15, 5, 101),
	(0, 0, 71, 5, 101),
	(0, 0, 85, 1, 3),
	(0, 0, 85, 5, 102),
	(0, 0, 86, 1, 4),
	(0, 0, 86, 2, 23),
	(0, 0, 86, 5, 17),
	(0, 0, 77, 5, 104),
	(0, 0, 2, 5, 105),
	(0, 0, 2, 5, 106),
	(0, 0, 87, 1, 4),
	(0, 0, 87, 5, 24),
	(0, 0, 87, 2, 9),
	(0, 0, 87, 2, 43),
	(0, 0, 87, 2, 23),
	(0, 0, 19, 5, 101),
	(0, 0, 88, 1, 4),
	(0, 0, 88, 2, 23),
	(0, 0, 88, 3, 17),
	(0, 0, 88, 5, 12),
	(0, 0, 88, 5, 107),
	(0, 0, 88, 5, 103),
	(0, 0, 39, 5, 108),
	(0, 0, 86, 5, 29),
	(0, 0, 86, 5, 12),
	(0, 0, 86, 3, 87),
	(0, 0, 86, 3, 67),
	(0, 0, 86, 3, 78),
	(0, 0, 85, 5, 2),
	(0, 0, 27, 5, 12),
	(0, 0, 27, 5, 36),
	(0, 0, 27, 5, 109),
	(0, 0, 69, 5, 12),
	(0, 0, 63, 3, 110),
	(0, 0, 89, 1, 4),
	(0, 0, 89, 2, 23),
	(0, 0, 89, 2, 9),
	(0, 0, 89, 5, 111),
	(0, 0, 76, 5, 43),
	(0, 0, 76, 5, 51),
	(0, 0, 90, 1, 4),
	(0, 0, 90, 3, 23),
	(0, 0, 90, 5, 110),
	(0, 0, 43, 5, 109),
	(0, 0, 91, 1, 4),
	(0, 0, 91, 2, 23),
	(0, 0, 91, 5, 9),
	(0, 0, 89, 5, 112),
	(0, 0, 19, 5, 43),
	(0, 0, 92, 1, 3),
	(0, 0, 92, 1, 113),
	(0, 0, 86, 3, 114),
	(0, 0, 86, 3, 115),
	(0, 0, 86, 5, 116),
	(0, 0, 86, 3, 118),
	(0, 0, 82, 2, 98),
	(0, 0, 93, 1, 4),
	(0, 0, 93, 1, 9),
	(0, 0, 93, 3, 30),
	(0, 0, 94, 1, 4),
	(0, 0, 94, 3, 87),
	(0, 0, 94, 3, 118),
	(0, 0, 91, 5, 12),
	(0, 0, 91, 1, 49),
	(0, 0, 91, 5, 50),
	(0, 0, 96, 1, 4),
	(0, 0, 96, 3, 23),
	(0, 0, 86, 3, 119),
	(0, 0, 96, 3, 120),
	(0, 0, 82, 5, 107),
	(0, 0, 77, 5, 107),
	(0, 0, 86, 5, 86),
	(0, 0, 82, 5, 86),
	(0, 0, 82, 5, 116),
	(0, 0, 97, 1, 4),
	(0, 0, 97, 3, 23),
	(0, 0, 94, 3, 121),
	(0, 0, 82, 5, 122),
	(0, 0, 91, 3, 123),
	(0, 0, 97, 2, 124),
	(0, 0, 98, 1, 4),
	(0, 0, 98, 5, 72),
	(0, 0, 98, 2, 23),
	(0, 0, 94, 3, 23),
	(0, 0, 85, 5, 63),
	(0, 0, 96, 1, 9),
	(0, 0, 97, 2, 125),
	(0, 0, 89, 5, 42),
	(0, 0, 99, 1, 26),
	(0, 0, 91, 5, 127),
	(0, 0, 97, 5, 128),
	(0, 0, 19, 5, 130),
	(0, 0, 96, 3, 130),
	(0, 0, 94, 3, 131),
	(0, 0, 94, 3, 132),
	(0, 0, 44, 5, 101),
	(0, 0, 99, 2, 126),
	(0, 0, 100, 1, 26),
	(0, 0, 86, 3, 132),
	(0, 0, 86, 3, 131),
	(0, 0, 29, 5, 24),
	(0, 0, 55, 5, 12),
	(0, 0, 55, 5, 17),
	(0, 0, 43, 5, 27),
	(0, 0, 43, 5, 101),
	(0, 0, 94, 2, 17),
	(0, 0, 94, 5, 135),
	(0, 0, 97, 2, 9),
	(0, 0, 94, 3, 119),
	(0, 0, 87, 5, 139),
	(0, 0, 82, 5, 69),
	(0, 0, 69, 5, 9),
	(0, 0, 94, 3, 69),
	(0, 0, 94, 3, 94),
	(0, 0, 55, 2, 140),
	(0, 0, 80, 2, 140),
	(0, 0, 48, 5, 139),
	(0, 0, 22, 5, 139),
	(0, 0, 76, 5, 139),
	(0, 0, 101, 1, 4),
	(0, 0, 101, 2, 111),
	(0, 0, 101, 1, 9),
	(0, 0, 101, 5, 42),
	(0, 0, 101, 2, 23),
	(0, 0, 89, 5, 141),
	(0, 0, 101, 5, 141),
	(0, 0, 34, 3, 132),
	(0, 0, 34, 3, 131),
	(0, 0, 55, 5, 142),
	(0, 0, 80, 5, 142),
	(0, 0, 80, 5, 12),
	(0, 0, 70, 5, 12),
	(0, 0, 70, 5, 142),
	(0, 0, 2, 5, 143),
	(0, 0, 102, 1, 4),
	(0, 0, 103, 1, 4),
	(0, 0, 103, 3, 23),
	(0, 0, 102, 3, 23),
	(0, 0, 81, 2, 130),
	(0, 0, 86, 3, 144),
	(0, 0, 94, 3, 144),
	(0, 0, 94, 3, 145),
	(0, 0, 104, 1, 26),
	(0, 0, 104, 1, 46),
	(0, 0, 104, 1, 47),
	(0, 0, 105, 1, 26),
	(0, 0, 105, 2, 146),
	(0, 0, 104, 3, 149),
	(0, 0, 104, 3, 150),
	(0, 0, 100, 3, 147),
	(0, 0, 100, 3, 151),
	(0, 0, 94, 5, 152),
	(0, 0, 2, 5, 107),
	(0, 0, 84, 1, 107),
	(0, 0, 102, 5, 53),
	(0, 0, 106, 1, 4),
	(0, 0, 100, 1, 153),
	(0, 0, 87, 5, 130),
	(0, 0, 82, 5, 130),
	(0, 0, 82, 2, 155),
	(0, 0, 70, 5, 17),
	(0, 0, 106, 2, 156),
	(0, 0, 106, 5, 157),
	(0, 0, 102, 5, 157),
	(0, 0, 103, 5, 157),
	(0, 0, 98, 5, 157),
	(0, 0, 106, 2, 23),
	(0, 0, 86, 2, 94),
	(0, 0, 100, 5, 154),
	(0, 0, 48, 5, 43),
	(0, 0, 34, 5, 152),
	(0, 0, 100, 3, 160),
	(0, 0, 80, 2, 159),
	(0, 0, 55, 2, 159),
	(0, 0, 69, 5, 130),
	(0, 0, 107, 1, 4),
	(0, 0, 108, 1, 4),
	(0, 0, 109, 1, 4),
	(0, 0, 107, 2, 23),
	(0, 0, 107, 5, 36),
	(0, 0, 108, 2, 23),
	(0, 0, 108, 2, 17),
	(0, 0, 108, 2, 142),
	(0, 0, 88, 5, 143),
	(0, 0, 2, 5, 78),
	(0, 0, 100, 3, 161),
	(0, 0, 71, 5, 130),
	(0, 0, 11, 5, 143),
	(0, 0, 69, 5, 142),
	(0, 0, 94, 5, 29),
	(0, 0, 94, 5, 142),
	(0, 0, 94, 2, 100),
	(0, 0, 86, 2, 100),
	(0, 0, 104, 2, 158),
	(0, 0, 94, 3, 115),
	(0, 0, 94, 3, 114),
	(0, 0, 84, 2, 138),
	(0, 0, 86, 5, 98),
	(0, 0, 94, 5, 98),
	(0, 0, 110, 1, 4),
	(0, 0, 110, 3, 23),
	(0, 0, 110, 1, 143),
	(0, 0, 110, 5, 29),
	(0, 0, 108, 5, 163),
	(0, 0, 109, 5, 163),
	(0, 0, 80, 5, 154),
	(0, 0, 80, 5, 26),
	(0, 0, 108, 5, 20),
	(0, 0, 109, 5, 20),
	(0, 0, 111, 1, 4),
	(0, 0, 111, 2, 23),
	(0, 0, 109, 2, 23),
	(0, 0, 4, 5, 166),
	(0, 0, 5, 5, 166),
	(0, 0, 109, 5, 167),
	(0, 0, 46, 3, 165),
	(0, 0, 82, 5, 168),
	(0, 0, 96, 3, 161),
	(0, 0, 86, 3, 169),
	(0, 0, 94, 3, 169),
	(0, 0, 5, 5, 98),
	(0, 0, 4, 5, 98),
	(0, 0, 5, 5, 17),
	(0, 0, 4, 5, 17),
	(0, 0, 112, 1, 4),
	(0, 0, 112, 3, 23),
	(0, 0, 111, 5, 170),
	(0, 0, 84, 2, 171),
	(0, 0, 112, 5, 172),
	(0, 0, 2, 5, 86),
	(0, 0, 100, 3, 176),
	(0, 0, 100, 3, 175),
	(0, 0, 100, 3, 173),
	(0, 0, 100, 3, 177),
	(0, 0, 113, 1, 4),
	(0, 0, 113, 2, 23),
	(0, 0, 100, 3, 132),
	(0, 0, 100, 3, 178),
	(0, 0, 100, 3, 179),
	(0, 0, 100, 3, 180),
	(0, 0, 100, 3, 182),
	(0, 0, 100, 3, 183),
	(0, 0, 113, 2, 184),
	(0, 0, 100, 3, 185),
	(0, 0, 113, 5, 86),
	(0, 0, 113, 5, 17),
	(0, 0, 114, 1, 4),
	(0, 0, 115, 1, 4),
	(0, 0, 116, 1, 4),
	(0, 0, 100, 3, 186),
	(0, 0, 31, 5, 166),
	(0, 0, 114, 2, 188),
	(0, 0, 116, 2, 188),
	(0, 0, 117, 1, 4),
	(0, 0, 117, 2, 23),
	(0, 0, 118, 1, 4),
	(0, 0, 118, 2, 23),
	(0, 0, 99, 2, 189),
	(0, 0, 104, 5, 190),
	(0, 0, 118, 2, 191),
	(0, 0, 119, 1, 4),
	(0, 0, 119, 5, 142),
	(0, 0, 119, 5, 53),
	(0, 0, 119, 3, 23),
	(0, 0, 100, 3, 192),
	(0, 0, 100, 3, 181),
	(0, 0, 100, 3, 193),
	(0, 0, 100, 3, 194),
	(0, 0, 100, 3, 195),
	(0, 0, 100, 3, 196),
	(0, 0, 100, 3, 197),
	(0, 0, 100, 3, 198),
	(0, 0, 100, 3, 199),
	(0, 0, 100, 3, 200),
	(0, 0, 57, 5, 130),
	(0, 0, 120, 1, 9),
	(0, 0, 120, 2, 130),
	(0, 0, 120, 2, 4),
	(0, 0, 120, 5, 17),
	(0, 0, 120, 5, 86),
	(0, 0, 120, 3, 23),
	(0, 0, 109, 5, 142),
	(0, 0, 100, 3, 201),
	(0, 0, 115, 2, 204),
	(0, 0, 94, 5, 203),
	(0, 0, 2, 5, 205),
	(0, 0, 88, 5, 205),
	(0, 0, 113, 5, 204),
	(0, 0, 100, 3, 206),
	(0, 0, 100, 3, 207),
	(0, 0, 121, 1, 4),
	(0, 0, 121, 2, 208),
	(0, 0, 48, 5, 142),
	(0, 0, 55, 5, 209),
	(0, 0, 80, 5, 209),
	(0, 0, 82, 5, 205),
	(0, 0, 94, 5, 210),
	(0, 0, 121, 1, 9),
	(0, 0, 122, 1, 4),
	(0, 0, 122, 2, 23),
	(0, 0, 122, 2, 211),
	(0, 0, 121, 2, 212),
	(0, 0, 123, 1, 26),
	(0, 0, 100, 3, 100),
	(0, 0, 121, 1, 42),
	(0, 0, 94, 5, 214),
	(0, 0, 123, 1, 215),
	(0, 0, 123, 3, 213),
	(0, 0, 85, 5, 217),
	(0, 0, 124, 1, 219),
	(0, 0, 124, 1, 220),
	(0, 0, 94, 3, 221),
	(0, 0, 57, 5, 27),
	(0, 0, 27, 5, 27),
	(0, 0, 94, 5, 222),
	(0, 0, 121, 5, 223),
	(0, 0, 121, 1, 17),
	(0, 0, 100, 3, 221),
	(0, 0, 100, 3, 23),
	(0, 0, 86, 5, 210),
	(0, 0, 43, 5, 224),
	(0, 0, 27, 5, 224),
	(0, 0, 57, 5, 224),
	(0, 0, 19, 5, 224),
	(0, 0, 94, 5, 212),
	(0, 0, 124, 1, 225),
	(0, 0, 97, 5, 12),
	(0, 0, 87, 5, 226),
	(0, 0, 86, 5, 214),
	(0, 0, 50, 1, 9),
	(0, 0, 50, 5, 130),
	(0, 0, 87, 5, 212),
	(0, 0, 69, 5, 204),
	(0, 0, 100, 5, 212),
	(0, 0, 115, 2, 23),
	(0, 0, 115, 1, 184),
	(0, 0, 124, 3, 230),
	(0, 0, 100, 3, 4),
	(0, 0, 124, 3, 229),
	(0, 0, 124, 3, 228),
	(0, 0, 124, 3, 173),
	(0, 0, 124, 3, 181),
	(0, 0, 124, 3, 232),
	(0, 0, 114, 5, 233),
	(0, 0, 82, 5, 234),
	(0, 0, 125, 1, 4),
	(0, 0, 125, 2, 23),
	(0, 0, 125, 5, 130),
	(0, 0, 125, 5, 27),
	(0, 0, 100, 3, 231),
	(0, 0, 124, 3, 235),
	(0, 0, 126, 1, 4),
	(0, 0, 127, 1, 3),
	(0, 0, 127, 1, 4),
	(0, 0, 127, 5, 2),
	(0, 0, 127, 5, 236),
	(0, 0, 128, 1, 4),
	(0, 0, 128, 5, 205),
	(0, 0, 128, 5, 17),
	(0, 0, 128, 2, 23),
	(0, 0, 124, 3, 177),
	(0, 0, 97, 5, 202),
	(0, 0, 124, 3, 237),
	(0, 0, 124, 3, 180),
	(0, 0, 100, 3, 238),
	(0, 0, 124, 3, 239),
	(0, 0, 100, 3, 240),
	(0, 0, 59, 5, 241),
	(0, 0, 82, 3, 158),
	(0, 0, 124, 3, 242),
	(0, 0, 82, 3, 243),
	(0, 0, 124, 3, 244),
	(0, 0, 94, 5, 143),
	(0, 0, 125, 5, 9),
	(0, 0, 124, 3, 245),
	(0, 0, 124, 3, 182),
	(0, 0, 124, 3, 248),
	(0, 0, 129, 1, 4),
	(0, 0, 129, 1, 9),
	(0, 0, 129, 3, 23),
	(0, 0, 129, 5, 142),
	(0, 0, 129, 5, 17),
	(0, 0, 82, 5, 249),
	(0, 0, 82, 5, 247),
	(0, 0, 124, 3, 250),
	(0, 0, 124, 3, 251),
	(0, 0, 86, 5, 143),
	(0, 0, 69, 5, 203),
	(0, 0, 100, 3, 227),
	(0, 0, 24, 5, 184),
	(0, 0, 124, 3, 252),
	(0, 0, 130, 1, 4),
	(0, 0, 130, 2, 23),
	(0, 0, 130, 2, 191),
	(0, 0, 2, 5, 253),
	(0, 0, 101, 5, 254),
	(0, 0, 124, 3, 255),
	(0, 0, 28, 5, 130),
	(0, 0, 124, 3, 256),
	(0, 0, 100, 3, 257),
	(0, 0, 57, 5, 258),
	(0, 0, 27, 5, 258),
	(0, 0, 26, 5, 224),
	(0, 0, 125, 5, 204),
	(0, 0, 100, 3, 259),
	(0, 0, 97, 5, 260),
	(0, 0, 97, 2, 27),
	(0, 0, 124, 3, 261),
	(0, 0, 124, 3, 262),
	(0, 0, 131, 1, 4),
	(0, 0, 131, 3, 260),
	(0, 0, 131, 3, 27),
	(0, 0, 131, 3, 12),
	(0, 0, 132, 1, 4),
	(0, 0, 132, 3, 23),
	(0, 0, 132, 5, 142),
	(0, 0, 131, 3, 23),
	(0, 0, 55, 2, 263),
	(0, 0, 80, 2, 263),
	(0, 0, 124, 3, 77),
	(0, 0, 124, 3, 264),
	(0, 0, 124, 3, 265),
	(0, 0, 87, 5, 266),
	(0, 0, 37, 5, 266),
	(0, 0, 57, 5, 266),
	(0, 0, 71, 5, 266),
	(0, 0, 43, 5, 266),
	(0, 0, 26, 5, 266),
	(0, 0, 22, 3, 266),
	(0, 0, 125, 5, 266),
	(0, 0, 6, 5, 266),
	(0, 0, 48, 5, 266),
	(0, 0, 19, 5, 266),
	(0, 0, 97, 5, 266),
	(0, 0, 133, 1, 4),
	(0, 0, 133, 2, 268),
	(0, 0, 2, 5, 267),
	(0, 0, 82, 5, 267),
	(0, 0, 120, 5, 266),
	(0, 0, 96, 5, 266),
	(0, 0, 134, 1, 26),
	(0, 0, 124, 3, 269),
	(0, 0, 124, 3, 270),
	(0, 0, 44, 5, 266),
	(0, 0, 2, 5, 266),
	(0, 0, 124, 3, 271),
	(0, 0, 124, 3, 272),
	(0, 0, 126, 5, 3),
	(0, 0, 22, 5, 273),
	(0, 0, 48, 5, 273),
	(0, 0, 19, 5, 273),
	(0, 0, 87, 5, 273),
	(0, 0, 44, 5, 273),
	(0, 0, 37, 5, 273),
	(0, 0, 43, 5, 273),
	(0, 0, 6, 5, 273),
	(0, 0, 2, 5, 273),
	(0, 0, 131, 2, 124),
	(0, 0, 116, 2, 23),
	(0, 0, 124, 3, 274),
	(0, 0, 124, 3, 275),
	(0, 0, 135, 1, 4),
	(0, 0, 135, 2, 246),
	(0, 0, 135, 2, 276),
	(0, 0, 136, 1, 3),
	(0, 0, 136, 2, 23),
	(0, 0, 136, 2, 224),
	(0, 0, 136, 1, 9),
	(0, 0, 136, 5, 27),
	(0, 0, 136, 5, 12),
	(0, 0, 55, 1, 277),
	(0, 0, 80, 1, 277),
	(0, 0, 82, 2, 278),
	(0, 0, 124, 3, 279),
	(0, 0, 124, 3, 280),
	(0, 0, 100, 3, 281),
	(0, 0, 105, 3, 282),
	(0, 0, 137, 1, 4),
	(0, 0, 137, 2, 23),
	(0, 0, 137, 2, 157),
	(0, 0, 137, 2, 283),
	(0, 0, 100, 3, 284),
	(0, 0, 135, 3, 270),
	(0, 0, 124, 3, 286),
	(0, 0, 124, 3, 285),
	(0, 0, 138, 1, 3),
	(0, 0, 139, 1, 4),
	(0, 0, 139, 3, 133);

CREATE TABLE `pseudonymus_hash_values` (
  `id` bigint(20) NOT NULL,
  `birth_date_hash` varchar(255) DEFAULT NULL,
  `birth_name_hash1` varchar(255) DEFAULT NULL,
  `birth_name_hash2` varchar(255) DEFAULT NULL,
  `birth_name_hash3` varchar(255) DEFAULT NULL,
  `first_name_hash1` varchar(255) DEFAULT NULL,
  `first_name_hash2` varchar(255) DEFAULT NULL,
  `first_name_hash3` varchar(255) DEFAULT NULL,
  `last_name_hash1` varchar(255) DEFAULT NULL,
  `last_name_hash2` varchar(255) DEFAULT NULL,
  `last_name_hash3` varchar(255) DEFAULT NULL,
  PRIMARY KEY (`id`)
) ENGINE=InnoDB DEFAULT CHARSET=utf8;
	
CREATE TABLE `subject` (
  `id` bigint(20) NOT NULL,
  `birth_date` datetime DEFAULT NULL,
  `identifier` varchar(255) DEFAULT NULL,
  `imaged_object_category` int(11) DEFAULT NULL,
  `language_hemispheric_dominance` int(11) DEFAULT NULL,
  `manual_hemispheric_dominance` int(11) DEFAULT NULL,
  `name` varchar(255) DEFAULT NULL,
  `sex` int(11) DEFAULT NULL,
  `pseudonymus_hash_values_id` bigint(20) DEFAULT NULL,
  PRIMARY KEY (`id`),
  KEY `FKq6wqw3ly73aat738iyo667yd4` (`pseudonymus_hash_values_id`),
  CONSTRAINT `FKq6wqw3ly73aat738iyo667yd4` FOREIGN KEY (`pseudonymus_hash_values_id`) REFERENCES `pseudonymus_hash_values` (`id`)
) ENGINE=InnoDB DEFAULT CHARSET=utf8;

CREATE TABLE `user_personal_comment_subject` (
  `id` bigint(20) NOT NULL,
  `comment` varchar(255) DEFAULT NULL,
  `subject_id` bigint(20) DEFAULT NULL,
  PRIMARY KEY (`id`),
  KEY `FKsv5esm96mpp66iei2ei32jado` (`subject_id`),
  CONSTRAINT `FKsv5esm96mpp66iei2ei32jado` FOREIGN KEY (`subject_id`) REFERENCES `subject` (`id`)
) ENGINE=InnoDB DEFAULT CHARSET=utf8;

CREATE TABLE `subject_study` (
  `id` bigint(20) NOT NULL,
  `physically_involved` bit(1) NOT NULL,
  `subject_study_identifier` varchar(255) DEFAULT NULL,
  `subject_type` int(11) DEFAULT NULL,
  `study_id` bigint(20) DEFAULT NULL,
  `subject_id` bigint(20) DEFAULT NULL,
  PRIMARY KEY (`id`),
  KEY `FKr4fo2f7o9ggrr6b06qmq6h373` (`study_id`),
  KEY `FK6iuhtwq9ujtyfywgjfct2m0jf` (`subject_id`),
  CONSTRAINT `FK6iuhtwq9ujtyfywgjfct2m0jf` FOREIGN KEY (`subject_id`) REFERENCES `subject` (`id`),
  CONSTRAINT `FKr4fo2f7o9ggrr6b06qmq6h373` FOREIGN KEY (`study_id`) REFERENCES `study` (`id`)
) ENGINE=InnoDB DEFAULT CHARSET=utf8;

INSERT INTO subject_study
	(id, physically_involved, subject_study_identifier, subject_type, study_id, subject_id)
VALUES
	(1, 0, 'Subject 1 for study 1', 1, 1, 1),
	(2, 0, 'Subject 2 for study 1', 2, 1, 2),
	(3, 0, 'Subject 1 for study 2', 2, 2, 1);

CREATE TABLE `group_of_subjects` (
  `dtype` varchar(31) NOT NULL,
  `id` bigint(20) NOT NULL,
  `group_name` varchar(255) NOT NULL,
  `study_id` bigint(20) DEFAULT NULL,
  PRIMARY KEY (`id`),
  KEY `FK6fmx594ux0memkouiu5ygirjo` (`study_id`),
  CONSTRAINT `FK6fmx594ux0memkouiu5ygirjo` FOREIGN KEY (`study_id`) REFERENCES `study` (`id`)
) ENGINE=InnoDB DEFAULT CHARSET=utf8;

INSERT INTO group_of_subjects
	(dtype, id, group_name, study_id)
VALUES
	('EXPERIMENTAL', 1, 'CIS', 14),
	('EXPERIMENTAL', 2, 'DEPRES', 22),
	('EXPERIMENTAL', 3, 'USPIO CONTROLE', 2);

CREATE TABLE `subject_group_of_subjects` (
  `id` bigint(20) NOT NULL,
  `group_of_subjects_id` bigint(20) DEFAULT NULL,
  `subject_id` bigint(20) DEFAULT NULL,
  PRIMARY KEY (`id`),
  KEY `FKdw1w3b6n98k0obbnyif6hnyb7` (`group_of_subjects_id`),
  KEY `FKbuuj437rygsa1u24tfbwicxnh` (`subject_id`),
  CONSTRAINT `FKbuuj437rygsa1u24tfbwicxnh` FOREIGN KEY (`subject_id`) REFERENCES `subject` (`id`),
  CONSTRAINT `FKdw1w3b6n98k0obbnyif6hnyb7` FOREIGN KEY (`group_of_subjects_id`) REFERENCES `group_of_subjects` (`id`)
) ENGINE=InnoDB DEFAULT CHARSET=utf8;

INSERT INTO subject_group_of_subjects
	(id, group_of_subjects_id, subject_id)
VALUES
	(1,1,219),
	(2,1,218),
	(3,1,191),
	(4,1,190),
	(5,2,270),
	(6,2,361),
	(7,2,382),
	(8,3,298),
	(9,3,362),
	(10,3,357),
	(11,3,306),
	(12,3,304),
	(13,3,305),
	(14,3,307),
	(15,3,302),
	(16,3,301),
	(17,3,365),
	(18,3,303),
	(19,3,373),
	(20,3,356),
	(21,3,376),
	(22,3,375),
	(23,3,374),
	(24,3,383),
	(25,3,384);

CREATE TABLE `manufacturer` (
  `id` bigint(20) NOT NULL,
  `name` varchar(200) NOT NULL,
  PRIMARY KEY (`id`),
  UNIQUE KEY `UK_fvhf6l0xkf8hnay7lvwimnwu1` (`name`)
) ENGINE=InnoDB AUTO_INCREMENT=7 DEFAULT CHARSET=utf8;

INSERT INTO `manufacturer`
	(id, name)
VALUES
	(1,'GE MEDICAL SYSTEMS'),
	(2,'Philips Medical Systems'),
	(3,'SIEMENS'),
	(5,'Philips Healthcare'),
	(6,'AXIOM ARTIS DBA');

CREATE TABLE `manufacturer_model` (
  `id` bigint(20) NOT NULL,
  `dataset_modality_type` int(11) NOT NULL,
  `magnetic_field` double DEFAULT NULL,
  `name` varchar(200) NOT NULL,
  `manufacturer_id` bigint(20) NOT NULL,
  PRIMARY KEY (`id`),
  KEY `FKdaf3kbh73wqquhyggxyhaadq7` (`manufacturer_id`),
  CONSTRAINT `FKdaf3kbh73wqquhyggxyhaadq7` FOREIGN KEY (`manufacturer_id`) REFERENCES `manufacturer` (`id`)
) ENGINE=InnoDB AUTO_INCREMENT=59 DEFAULT CHARSET=utf8;

INSERT INTO `manufacturer_model`
	(id, dataset_modality_type, name, magnetic_field, manufacturer_id)
VALUES
	(1,1,'Achieva',3,2),
	(2,1,'Symphony',1.5,3),
	(3,1,'Verio',3,3),
	(4,1,'Signa HDxt',3,1),
	(5,1,'Sonata',1.5,3),
	(6,1,'Aera',1.5,3),
	(7,1,'Avanto',1.5,3),
	(8,1,'DISCOVERY MR750',3,1),
	(12,1,'Intera',1.5,2),
	(13,1,'Achieva',1.5,2),
	(14,1,'TrioTim',3,3),
	(16,1,'Ingenia',3,5),
	(17,1,'DISCOVERY MR750w',3,1),
	(18,1,'GENESIS_SIGNA',1.5,1),
	(19,1,'Skyra',3,3),
	(20,1,'Signa',3,1),
	(21,1,'SIGNA',15,1),
	(22,1,'SIGNA HDX',1.5,1),
	(23,1,'Optima MR 450w',1.5,1),
	(24,1,'Ingenia',1.5,5),
	(25,1,'DSA',0,5),
	(26,1,'DSA',0,3),
	(27,1,'DSA',0,1),
	(28,1,'TDM NANTES',0,1),
	(29,1,' LIGHTSPEED VCT64',0,1),
	(30,1,'IGS INNOVA',0,1),
	(31,1,'Artis Zee Pure-DSA',0,3),
	(32,1,'ALLURA DSA',0,5),
	(33,1,'Brillance190p',0,5),
	(34,1,'Brightspeed 16',0,1),
	(35,1,'MR450W W GEM XP',1.5,1),
	(36,1,'TDM',0,1),
	(37,1,'Discovery',0,1),
	(38,1,'LightSpeed Optima CT660 ',0,1),
	(39,1,'Prisma',3,3),
	(40,1,'Definition As64',0,3),
	(41,1,'SKYRA',1.5,3),
	(42,1,'somatom',0,3),
	(43,1,'BUTTERFLY',0,1),
	(44,1,'Artis Q',0,3),
	(45,1,'AXIOM ARTIS DBA',0,3),
	(46,1,'Ingenuity CT 128',0,5),
	(47,1,'Brillance 40',0,5),
	(48,1,'Revolution',0,1),
	(49,1,'Optima 540',0,1),
	(50,1,'Optima540',0,1),
	(51,1,'Achieva-dStream',3,2),
	(52,1,'SIGNA HDe',1.5,1),
	(53,1,'INGENUITY CORE',0,5),
	(54,1,'Ingenia',3,2),
	(55,1,'Optima CT 660',0,1),
	(56,1,'Optima CT660',0,1),
	(57,1,'Revolution EVO',0,1),
	(58,1,'Integris V',0,2);

CREATE TABLE `acquisition_equipment` (
  `id` bigint(20) NOT NULL,
  `serial_number` varchar(255) DEFAULT NULL,
  `center_id` bigint(20) NOT NULL,
  `manufacturer_model_id` bigint(20) NOT NULL,
  PRIMARY KEY (`id`),
  UNIQUE KEY `model_number_idx` (`manufacturer_model_id`,`serial_number`),
  KEY `FKnfu3vqdsoj1y339uq7alaltjv` (`center_id`),
  CONSTRAINT `FKbvbig13gxsu8gxaw9h6uemhk4` FOREIGN KEY (`manufacturer_model_id`) REFERENCES `manufacturer_model` (`id`),
  CONSTRAINT `FKnfu3vqdsoj1y339uq7alaltjv` FOREIGN KEY (`center_id`) REFERENCES `center` (`id`)
) ENGINE=InnoDB DEFAULT CHARSET=utf8;

INSERT INTO `acquisition_equipment`
	(id, serial_number, center_id, manufacturer_model_id)
VALUES
	(1,'40296',1,3),
	(2,'17072',1,1),
	(3,'17131',2,1),
	(4,'40146',4,3),
	(6,'17569',5,1),
	(7,'00000000H4858977',7,4),
	(8,'38235',14,1),
	(9,'21221',11,5),
	(10,'00000000A4194823',9,4),
	(11,'23257',1,5),
	(13,'38058',15,1),
	(14,'41196',5,6),
	(15,'25299',5,7),
	(17,'08259',20,1),
	(20,'08867',5,13),
	(21,'08867',5,12),
	(22,'00000000B4498422',19,8),
	(23,'23145',22,2),
	(24,'731041',10,1),
	(25,'34111',23,1),
	(26,'17035',24,1),
	(27,'41335',25,6),
	(28,'35181',27,14),
	(29,'21024',14,1),
	(31,'38014',14,1),
	(32,'22070',28,13),
	(33,'42025',29,16),
	(34,'00000000M4166994',28,17),
	(35,'40527',3,3),
	(36,'45212',31,19),
	(37,'00000000M4171551',30,8),
	(38,'21692',33,13),
	(39,'40480',35,3),
	(40,'71051',1,16),
	(42,'71050',1,16),
	(43,'45600',10,19),
	(44,'00000000I4192908',12,4),
	(46,'60173981',37,1),
	(49,'00000000T4185506',41,23),
	(51,'41235',9,24),
	(52,'42265',43,16),
	(53,'00000000M4475661',45,4),
	(54,'41433',46,6),
	(55,'42259',47,6),
	(56,'45293',36,19),
	(57,'27865',38,7),
	(58,'0000000',40,22),
	(59,'45986',48,19),
	(60,'41087',39,6),
	(61,'00000000M40345186',49,4),
	(62,'HM1069',50,23),
	(63,'40724',51,3),
	(64,'41575',1,6),
	(65,'42445',30,6),
	(66,'41987',11,6),
	(67,'17465',44,1),
	(68,'64665787',11,24),
	(69,'71266',11,54),
	(70,'',52,8),
	(72,'',11,25),
	(73,'* ',11,56),
	(75,'',52,29),
	(76,'',52,30),
	(77,'',52,22),
	(78,'',53,31),
	(79,'',53,32),
	(80,'42021',53,6),
	(81,'45553',54,19),
	(82,'',54,33),
	(83,'XXXX',54,32),
	(84,'45095',55,19),
	(85,'42102',55,6),
	(86,'0000',55,32),
	(87,'',55,34),
	(88,'HM0439',56,35),
	(89,'00000',56,31),
	(90,'0000',56,36),
	(91,'00000000S4160096',57,35),
	(92,'0000',57,31),
	(93,'0000',57,37),
	(94,'00000',1,32),
	(95,'0000',1,29),
	(96,'00000000 C4200438',58,17),
	(97,'000000',58,32),
	(98,'0000000',58,37),
	(99,'000',58,38),
	(100,'42446',59,6),
	(101,'0000',59,17),
	(102,'0000000',59,32),
	(103,'00',59,37),
	(104,'42015',60,16),
	(105,'0000001',60,32),
	(106,'01',60,37),
	(107,'66062',46,39),
	(108,'000001',46,31),
	(109,'0',46,40),
	(110,'0110',61,32),
	(111,'0101',61,38),
	(112,'45212B',61,19),
	(113,'42613',61,41),
	(114,'0101',44,32),
	(115,'0102',44,42),
	(116,'00000000N4192928',40,22),
	(117,'00000000N4192951',40,8),
	(118,'0000',40,30),
	(119,'000',40,43),
	(120,'000000',40,29),
	(121,'46098',62,19),
	(122,'0101',62,42),
	(123,'0101',62,25),
	(124,'46055',2,19),
	(125,'38214',16,1),
	(126,'010000',16,44),
	(127,'02000',16,42),
	(128,'46219',45,19),
	(129,'00000000A4197627',51,35),
	(130,'000001',51,45),
	(131,'14183042',63,52),
	(132,'00000010',63,32),
	(133,'0101',63,33),
	(134,'01',63,47),
	(135,'0001010',58,7),
	(136,'24027',10,1),
	(137,'00000141',10,32),
	(138,'00010',10,38),
	(140,'000001',58,57),
	(141,'0001',58,49),
	(142,'34111',10,51),
	(143,'M40345203',49,23),
	(144,'M40345186',49,19),
	(145,'',49,44),
	(146,'',49,37),
	(147,'M4166994',28,17),
	(148,'01000',28,30),
	(149,'011110',28,32),
	(150,'00000000',28,49),
	(151,'21024',64,13),
	(152,'00003',64,32),
	(153,'0000002',64,48),
	(154,'038014',64,1),
	(155,'145036',39,19),
	(156,'MR 40679',65,3),
	(157,'E4212413',65,22),
	(158,'000110',65,37),
	(159,'0002',65,27),
	(160,'48013640',66,13),
	(161,'58555281',66,24),
	(162,'000002',66,32),
	(163,'01000',66,46),
	(164,'011',58,29),
	(165,'00123',58,48),
	(166,'0',2,44),
	(167,'0001',2,48),
	(168,'000010',28,58),
	(169,'141228',63,6);

CREATE TABLE `coil` (
  `id` bigint(20) NOT NULL,
  `coil_type` int(11) DEFAULT NULL,
  `name` varchar(255) NOT NULL,
  `number_of_channels` bigint(20) DEFAULT NULL,
  `serial_number` varchar(255) DEFAULT NULL,
  `center_id` bigint(20) NOT NULL,
  `manufacturer_model_id` bigint(20) DEFAULT NULL,
  PRIMARY KEY (`id`),
  KEY `FK2c4pj1yt8xsha1dn6r8p1bhtu` (`center_id`),
  KEY `FKhkauya7hqlh56r9fd9c9mgh39` (`manufacturer_model_id`),
  CONSTRAINT `FK2c4pj1yt8xsha1dn6r8p1bhtu` FOREIGN KEY (`center_id`) REFERENCES `center` (`id`),
  CONSTRAINT `FKhkauya7hqlh56r9fd9c9mgh39` FOREIGN KEY (`manufacturer_model_id`) REFERENCES `manufacturer_model` (`id`)
) ENGINE=InnoDB DEFAULT CHARSET=utf8;

INSERT INTO `coil`
	(id, center_id, coil_type, manufacturer_model_id, name, number_of_channels, serial_number)
VALUES
	(1, 1, 1, 3, 'BODY', 1, NULL),
	(2, 1, 2, 3, '32 CNX TETE', 32, NULL),
	(3, 1, 2, 3, '12 CNX', 12, NULL),
	(4, 1, 3, 3, 'SPINE', 24, NULL),
	(5, 1, 3, 3, 'BODY Matrix', 6, NULL),
	(6, 1, 3, 3, 'NECK', 4, NULL),
	(7, 1, 3, 3, 'FLEX', 4, NULL),
	(9, 1, 3, 3, '32 CNX COEUR', 32, NULL),
	(10, 2, 2, 1, '8 CNX', 8, NULL),
	(11, 2, 1, 1, 'BODY', 1, NULL),
	(12, 5, 1, 1, 'BODY', 1, NULL),
	(13, 5, 2, 1, '8 CNX', 8, NULL),
	(15, 14, 2, 1, 'BODY', 1, NULL),
	(16, 14, 2, 1, '32 ch', 32, NULL),
	(17, 7, 2, 4, '8 CNX', 8, NULL),
	(18, 11, 2, 5, '8 CNX', 8, NULL),
	(19, 9, 2, 4, '8 CNX', 8, NULL),
	(20, 1, 2, 1, '8 CNX', 8, NULL),
	(21, 1, 1, 1, 'BODY', NULL, NULL),
	(22, 4, 2, 3, '32 CNX', 32, NULL),
	(23, 5, 1, 6, 'BODY', NULL, NULL),
	(24, 5, 2, 6, 'HEAD', NULL, NULL),
	(25, 5, NULL, 6, 'NECK', NULL, NULL),
	(26, 18, 2, 7, 'HEAD', NULL, NULL),
	(27, 18, 1, 7, 'BODY', NULL, NULL),
	(28, 19, 2, 8, 'HEAD', NULL, NULL),
	(29, 19, 1, 8, 'BODY', NULL, NULL),
	(30, 20, 1, 1, 'BODY', NULL, NULL),
	(31, 20, 2, 1, '8 CNX', 8, NULL),
	(34, 21, 2, 12, '6 CNX', 6, NULL),
	(35, 21, 1, 12, 'BODY', NULL, NULL),
	(36, 21, NULL, 13, '6 CNX', 6, NULL),
	(37, 21, 1, 13, 'BODY', NULL, NULL),
	(38, 22, 2, 2, 'HEAD', NULL, NULL),
	(39, 22, 1, 2, 'BODY', NULL, NULL),
	(40, 10, 2, 1, '32 ch', 32, NULL),
	(41, 23, 1, 1, 'BODY', NULL, NULL),
	(42, 23, 2, 1, '8 CNX', 8, NULL),
	(43, 24, 2, 1, '8 CNX', 8, NULL),
	(44, 24, 1, 1, 'BODY', NULL, NULL),
	(45, 25, 1, 6, 'BODY', NULL, NULL),
	(46, 25, 2, 6, '8 CNX', 8, NULL),
	(47, 27, 2, 14, 'HEAD', NULL, NULL),
	(48, 27, 1, 14, 'BODY', NULL, NULL),
	(51, 28, 1, 13, 'BODY', NULL, NULL),
	(52, 29, 1, 16, 'BODY', NULL, NULL),
	(53, 4, 1, 3, 'BODY', NULL, NULL),
	(54, 11, 1, 5, 'BODY', NULL, NULL),
	(55, 9, 1, 4, 'BODY', NULL, NULL),
	(56, 10, 1, 1, 'BODY', NULL, NULL),
	(57, 7, 1, 4, 'BODY', NULL, NULL),
	(58, 30, 1, 17, 'BODY', NULL, NULL),
	(59, 30, 2, 17, 'HNS HEAD', NULL, NULL),
	(60, 3, 1, 3, 'BODY', NULL, NULL),
	(61, 3, 2, 3, 'HEAD', 32, NULL),
	(62, 33, 1, 13, 'BODY', NULL, NULL),
	(63, 33, 2, 13, 'HEAD', NULL, NULL),
	(64, 28, 1, 17, 'BODY', NULL, NULL),
	(65, 28, 2, 17, 'HEAD', NULL, NULL),
	(66, 35, 2, 3, '32 CH', NULL, NULL),
	(67, 35, 2, 3, '12 CH', 12, NULL),
	(68, 35, 3, 3, 'SPINE', NULL, NULL),
	(69, 35, 3, 3, 'NECK', NULL, NULL),
	(74, 1, 2, 16, '12 CH CUR', 12, NULL),
	(75, 1, 3, 16, 'NECK CUR', NULL, NULL),
	(76, 1, 2, 16, '12 CH Bloc', 12, NULL),
	(77, 1, 2, 16, '32 CH Bloc', 32, NULL),
	(78, 1, 3, 16, 'NECK Bloc', NULL, NULL),
	(79, 1, 1, 16, 'BODY Bloc', NULL, NULL),
	(80, 1, 1, 16, 'BODY CUR', NULL, NULL),
	(81, 10, 1, 19, 'BODY', NULL, NULL),
	(82, 10, 3, 19, 'SPINE', NULL, NULL),
	(83, 10, 3, 19, 'NECK', NULL, NULL),
	(84, 10, 2, 19, '32 CH', NULL, NULL),
	(85, 31, 3, 19, 'SPINE', NULL, NULL),
	(86, 31, 3, 19, 'NECK', NULL, NULL),
	(87, 31, 2, 19, '32 CH', NULL, NULL),
	(88, 31, 1, 19, 'BODY', NULL, NULL),
	(89, 12, 1, 4, 'BODY', NULL, NULL),
	(90, 12, 3, 4, 'SPINE', NULL, NULL),
	(91, 12, 2, 4, 'HEAD', NULL, NULL),
	(92, 43, 2, 16, 'DS HEAD', 32, NULL),
	(93, 1, 2, 6, '20 cnx', 20, NULL),
	(94, 1, 3, 6, 'SPINE 32 cnx', 32, NULL),
	(95, 1, 1, 6, 'BODY', NULL, NULL),
	(96, 11, 1, 6, 'BODY', NULL, NULL),
	(97, 11, 2, 6, 'HEAD', NULL, NULL),
	(98, 2, 2, 19, 'HEAD/NECK 64', 64, NULL),
	(99, 2, 2, 19, 'HEAD/NECK 20', 20, NULL),
	(100, 2, 2, 19, 'Rx/Tx Cp', NULL, NULL),
	(101, 23, 2, 51, 'dS HEAD 32ch', 32, NULL);
