use shanoir_ng_studies;

CREATE TABLE `center` (
  `id` bigint(20) NOT NULL AUTO_INCREMENT,
  `city` varchar(255) DEFAULT NULL,
  `country` varchar(255) DEFAULT NULL,
  `name` varchar(255) NOT NULL,
  `phone_number` varchar(255) DEFAULT NULL,
  `postal_code` varchar(255) DEFAULT NULL,
  `street` varchar(255) DEFAULT NULL,
  `website` varchar(255) DEFAULT NULL,
  PRIMARY KEY (`id`),
  UNIQUE KEY `UK_9ntt4q0n3w4lywq1k9xveiyo8` (`name`)
) ENGINE=InnoDB AUTO_INCREMENT=69 DEFAULT CHARSET=utf8;

INSERT INTO center(id, country, name, phone_number, postal_code, street, city, website)
VALUES
	(1, 'France', 'CHU Rennes', '', '', '', 'Rennes', ''),
	(2, 'France', 'CHU Reims', '', '', '', 'Reims', ''),
	(3, 'France', 'LPS - CENIR', '0157274007', '75013', 'Bâtiment ICM 	(niv -1) ,  47 Bd de l\'Hôpital', 'Paris', 'www.cenir.org'),
	(4, 'France', 'CHU Marseille', '', '', '', 'Marseille', ''),
	(5, 'France', 'HCL - NeuroCardio', '', '', '', 'Lyon', ''),
	(7, 'France', 'Hôpitaux Universitaires de Strasbourg', '', '', '', 'Strasbourg', ''),
	(8, 'France', 'Centre Hospitalier Yves Le Foll', '', '', '', 'Saint Brieuc', ''),
	(9, 'France', 'CHU Nîmes', '', '', '', 'Nîmes', ''),
	(10, 'France', 'CHU Toulouse', '', '', '', 'Toulouse', ''),
	(11, 'France', 'CHU Nantes', '', '', '', 'Nantes', ''),
	(12, 'France', 'CHU Brabois', '', '', '', 'Nancy', ''),
	(13, 'France', 'CHU de Fort-de-France', '', '', '', 'Fort-de-France', ''),
	(14, 'France', 'CHU Michallon', '', '38700', 'Site Santé', 'Grenoble', ''),
	(15, 'France', 'GIN', '', '38706', '', 'Grenoble', 'http://neurosciences.ujf-grenoble.fr/main-home-1-sub-home-0-lang-en.html'),
	(16, 'France', 'CHU Brest', '', '', '', 'Brest', ''),
	(17, 'France', 'CHGR', '', '', '', 'Rennes', ''),
	(18, 'France', 'HCL - NeuroCardio to delete', '', '', '', 'Lyon', ''),
	(19, 'France', 'HCL - Hopital Edouard Herriot', '', '', '', 'Lyon', ''),
	(20, 'France', 'HCL - CHLS RMN', '', '', '', 'Lyon', ''),
	(21, 'France', 'HCL - NeuroCardio HFME', '', '', '', 'Lyon', ''),
	(22, 'France', 'HCL - GIE Lyon Nord', '', '', '', 'Lyon', ''),
	(23, 'France', 'INSERM_825', '', '', '', 'Toulouse', ''),
	(24, 'Belgique', 'UCL', '', '', '', 'Bruxelles', ''),
	(25, 'France', 'CH Bretagne Atlantique Vannes', '', '', '', 'Vannes', ''),
	(27, 'France', 'ICM', '', '', '', 'Paris', ''),
	(28, 'France', 'CHU Bordeaux', '', '', '', 'Bordeaux', ''),
	(29, 'France', 'HCL - CHLS', '', '', '', 'Lyon', ''),
	(30, 'France', 'CHRU Clermont-Ferrand Gabriel Montpied', '', '', '', 'Clermont-Ferrand', ''),
	(31, 'France', 'CHRU Montpellier Gui de Chauliac', '', '', '', 'Montpellier', ''),
	(33, 'France', 'IRM des sources', '', '', '', 'Lyon', ''),
	(35, 'France', 'IPB Strasbourg', '', '', '', 'Strasbourg', ''),
	(36, 'France', 'Hôpital de la Timone - Marseille', '', '13005', '264 rue St Pierre', 'Marseille', 'http://fr.ap-hm.fr/nos-hopitaux/hopital-de-la-timone'),
	(37, 'France', 'HCL - Hôpital Pierre Wertheimer', '', '69677', '59 bvd Pinel', 'Lyon', 'http://www.chu-lyon.fr/web/Hopital_Pierre-w_2346.html'),
	(38, 'France', 'CHU - Charles-Nicolle- Rouen', '', '76031', '1 rue de Germont', 'Rouen', 'http://www3.chu-rouen.fr/internet/connaitreCHU/reperes/soins/charles_nicolle/'),
	(39, 'France', 'CHU - Dijon', '', '21079', '14 rue Gaffarel', 'Dijon', 'http://www.chu-dijon.fr/'),
	(40, 'France', 'CHU - Hôpital Central - Nancy', '', '54035', '29 avenue du Maréchal de Lattre de Tassigny', 'Nancy', 'http://www.chu-nancy.fr/'),
	(41, 'France', 'CHRU - Lille', '', '59037', '2 avenue Oscar Lambret', 'Lille', 'http://www.chru-lille.fr/'),
	(43, 'France', 'Hôpital Beaujon -Paris', '', '92110', '100 boulevard du général Leclerc', 'Clichy', 'http://www.aphp.fr/hopital/beaujon/'),
	(44, 'France', 'Hôpital Bicêtre - Paris', '', '94275', '78 rue du général Leclerc', 'Le Kremlin Bicetre', ''),
	(45, 'France', 'Hopital d\'Instruction des Armées Sainte Anne', '0483162014', '83800', '2 bvd Sainte Anne', 'Toulon', 'http://www.sainteanne.org/'),
	(46, 'France', 'CHU St-Etienne', '0477829226', '42277', 'Hôpital Nord- avenue albert raimond', 'St Priest en Jarez - St Etienne', 'http://www.chu-st-etienne.fr/'),
	(47, 'France', 'CH Annecy Genevois', '', '74374', '1avenue de l\'hôpital', 'Metz - Tessy', 'http://www.ch-annecygenevois.fr/fr'),
	(48, 'France', 'Hopital Nord - Marseille', '0491380000', '13915', 'Chemin des Bourrely', 'Marseille', 'http://fr.ap-hm.fr/nos-hopitaux/hopital-nord'),
	(49, 'France', 'Hopital Pitié Salpétrière', '0157274007', '75013', '47-83 bd de l’hôpital', 'Paris', ''),
	(50, 'France', 'CHU St Roch - Nice', '', '06006', '5 rue Pierre Devoluy', 'Nice', ''),
	(51, 'France', 'CHU Poitiers', '', '86000', 'rue de la miletrie', 'Poitiers', ''),
	(52, 'France', 'Hôpital Saint-Anne', '', '', '', 'Paris', ''),
	(53, '', 'CHU Limoges', '', '', '', 'Limoges', ''),
	(54, '', 'CHU Angers', '', '', '', 'Angers', ''),
	(55, 'France', 'CHU Sud Reunion', '0262359000', '97448', 'Avenue du Président Mitterrand', 'SAINT-PIERRE', 'http://www.chu-reunion.fr'),
	(56, '', 'Hôpital Clairval', '', '', '', 'Marseille', ''),
	(57, '', 'CHU Amiens', '', '', '', 'Amiens', ''),
	(58, '', 'CHU Rouen', '', '', '', 'Rouen', ''),
	(59, '', 'CHU Clermont Ferrand', '', '', '', '', ''),
	(60, '', 'Fondation Ophtalmologique de Rothschild', '', '', '', '', ''),
	(61, '', 'CHU Montpellier', '', '', '', 'Montpellier', ''),
	(62, '', 'CHRU Besançon', '', '', '', '', ''),
	(63, '', 'CHD de Vendée', '', '', '', '', ''),
	(64, '', 'CHU Grenoble', '', '', '', 'Grenoble', ''),
	(65, '', 'CHRU de Tours', '', '', '', '', ''),
	(66, 'Colmar', 'Hôpitaux Civils de Colmar', '', '', '', '', ''),
	(67, '', 'CH Colmar', '', '', '', 'Colmar', ''),
	(68, '', 'CREATIS', '', '', '', 'Lyon', '');

CREATE TABLE `study` (
  `id` bigint(20) NOT NULL,
  `clinical` bit(1) NOT NULL,
  `coordinator_id` bigint(20) DEFAULT NULL,
  `downloadable_by_default` bit(1) NOT NULL,
  `end_date` date DEFAULT NULL,
  `mono_center` bit(1) NOT NULL,
  `name` varchar(255) NOT NULL,
  `start_date` date DEFAULT NULL,
  `study_status` varchar(255) NOT NULL,
  `study_type` varchar(255) NOT NULL,
  `visible_by_default` bit(1) NOT NULL,
  `with_examination` bit(1) NOT NULL,
  PRIMARY KEY (`id`),
  UNIQUE KEY `UK_q5qxcb7ermaxmp5f2wx2rj28n` (`name`)
) ENGINE=InnoDB DEFAULT CHARSET=utf8;

INSERT INTO study
	(id, clinical, coordinator_id, downloadable_by_default, end_date, mono_center, name, start_date, study_status, study_type, visible_by_default, with_examination)
VALUES
	(1, '\0', NULL, '\0', NULL, 1, 'NATIVE Divers', '2009-11-02 00:00:00', 'IN_PROGRESS', 'METHODOLOGICAL', '\0', 1),
	(2, 1, 2, '\0', '2015-12-31 00:00:00', '\0', 'USPIO-6', '2009-07-01 00:00:00', 'IN_PROGRESS', 'CLINICAL', '\0', 1),
	(3, '\0', NULL, '\0', NULL, 1, 'Phantom Qualite', NULL, 'IN_PROGRESS', 'METHODOLOGICAL', '\0', 1),
	(4, '\0', NULL, '\0', NULL, 1, 'AtlasDIR@Neurinfo', NULL, 'IN_PROGRESS', 'METHODOLOGICAL', '\0', 1),
	(5, '\0', NULL, '\0', NULL, 1, 'DIR@Epilepsie', NULL, 'IN_PROGRESS', 'METHODOLOGICAL', '\0', 1),
	(6, '\0', NULL, '\0', NULL, 1, 'Emodes', NULL, 'IN_PROGRESS', 'METHODOLOGICAL', '\0', 1),
	(7, '\0', NULL, '\0', NULL, 1, 'Moelle', NULL, 'IN_PROGRESS', 'METHODOLOGICAL', '\0', 1),
	(9, '\0', NULL, '\0', NULL, 1, '3D T1 ', NULL, 'IN_PROGRESS', 'METHODOLOGICAL', '\0', '\0'),
	(10, '\0', NULL, '\0', NULL, 1, 'CIS DIR', NULL, 'IN_PROGRESS', 'METHODOLOGICAL', '\0', 1),
	(11, '\0', NULL, '\0', NULL, 1, 'Transfert', NULL, 'IN_PROGRESS', 'METHODOLOGICAL', '\0', '\0'),
	(12, '\0', NULL, '\0', NULL, 1, 'IRMf ', NULL, 'IN_PROGRESS', 'METHODOLOGICAL', '\0', 1),
	(13, '\0', NULL, '\0', NULL, 1, 'isaSegTum', '2010-12-02 00:00:00', 'IN_PROGRESS', 'METHODOLOGICAL', '\0', 1),
	(14, 1, NULL, '\0', NULL, 1, 'asl_SEP', '2011-01-17 00:00:00', 'IN_PROGRESS', 'CLINICAL', '\0', 1),
	(15, '\0', NULL, '\0', NULL, 1, 'asl_CTL', '2011-01-24 00:00:00', 'IN_PROGRESS', 'METHODOLOGICAL', '\0', 1),
	(17, '\0', NULL, '\0', NULL, 1, 'DIFF_ISCHEMIE', NULL, 'IN_PROGRESS', 'METHODOLOGICAL', '\0', 1),
	(18, 1, NULL, '\0', NULL, 1, 'USPIO-6 ASL', NULL, 'IN_PROGRESS', 'CLINICAL', '\0', 1),
	(19, 1, NULL, '\0', '2012-04-01 00:00:00', 1, 'transIRMf', '2011-03-01 00:00:00', 'FINISHED', 'CLINICAL', '\0', 1),
	(20, '\0', NULL, '\0', NULL, 1, 'AngioIRM_NATIVE_QISS', NULL, 'IN_PROGRESS', 'METHODOLOGICAL', '\0', 1),
	(21, '\0', NULL, '\0', NULL, 1, 'FIM', '2011-05-03 00:00:00', 'IN_PROGRESS', 'METHODOLOGICAL', '\0', 1),
	(22, '\0', NULL, '\0', NULL, 1, 'DEPRESIST', NULL, 'IN_PROGRESS', 'METHODOLOGICAL', '\0', 1),
	(23, '\0', NULL, '\0', NULL, 1, 'FIM ft', NULL, 'IN_PROGRESS', 'METHODOLOGICAL', '\0', 1),
	(24, '\0', NULL, '\0', NULL, 1, 'Jonin', NULL, 'IN_PROGRESS', 'METHODOLOGICAL', '\0', 1),
	(25, '\0', NULL, '\0', NULL, 1, 'DEEP', NULL, 'IN_PROGRESS', 'METHODOLOGICAL', '\0', 1),
	(26, 1, NULL, '\0', '2010-01-29 00:00:00', 1, 'ASL IP', '2009-12-01 00:00:00', 'FINISHED', 'CLINICAL', '\0', 1),
	(27, 1, NULL, '\0', '2010-01-29 00:00:00', 1, 'ASLf mt', '2009-12-01 00:00:00', 'FINISHED', 'CLINICAL', '\0', 1),
	(28, 1, NULL, '\0', NULL, 1, 'asl_tum', NULL, 'IN_PROGRESS', 'CLINICAL', '\0', 1),
	(29, 1, NULL, '\0', NULL, 1, 'asl_vasc', NULL, 'IN_PROGRESS', 'CLINICAL', '\0', 1),
	(30, '\0', NULL, '\0', NULL, 1, 'PNGI', NULL, 'IN_PROGRESS', 'METHODOLOGICAL', '\0', 1),
	(31, '\0', NULL, '\0', NULL, 1, 'DIR EP CLIN', NULL, 'IN_PROGRESS', 'METHODOLOGICAL', '\0', 1),
	(32, '\0', NULL, '\0', NULL, 1, 'ASL SENSE 2', NULL, 'FINISHED', 'METHODOLOGICAL', '\0', '\0'),
	(33, '\0', 22, '\0', '2013-03-14 00:00:00', '\0', 'OFSEP_Test_Lyon', '2012-12-14 00:00:00', 'FINISHED', 'CLINICAL', '\0', 1),
	(34, '\0', 2, '\0', NULL, '\0', 'iQALY-SEP', NULL, 'IN_PROGRESS', 'METHODOLOGICAL', '\0', 1),
	(35, '\0', NULL, '\0', NULL, 1, 'AINSI-GIN', NULL, 'FINISHED', 'CLINICAL', '\0', 1),
	(36, '\0', NULL, '\0', NULL, 1, 'PerfT1', NULL, 'IN_PROGRESS', 'METHODOLOGICAL', '\0', 1),
	(37, '\0', NULL, '\0', NULL, 1, 'ASL DEM', NULL, 'IN_PROGRESS', 'METHODOLOGICAL', '\0', 1),
	(38, '\0', NULL, '\0', NULL, 1, 'Dysphasie', NULL, 'FINISHED', 'METHODOLOGICAL', '\0', 1),
	(39, '\0', NULL, '\0', NULL, 1, 'NCE MRA', '2011-12-01 00:00:00', 'IN_PROGRESS', 'METHODOLOGICAL', '\0', 1),
	(40, '\0', NULL, '\0', NULL, 1, 'VPIPRO', NULL, 'IN_PROGRESS', 'METHODOLOGICAL', '\0', 1),
	(41, '\0', NULL, '\0', NULL, 1, 'MTX_sep', NULL, 'IN_PROGRESS', 'METHODOLOGICAL', '\0', 1),
	(42, '\0', NULL, '\0', NULL, 1, 'SURFER', NULL, 'IN_PROGRESS', 'METHODOLOGICAL', '\0', 1),
	(43, '\0', 1, '\0', NULL, '\0', 'AINSI', NULL, 'IN_PROGRESS', 'METHODOLOGICAL', '\0', 1),
	(44, '\0', NULL, '\0', NULL, 1, '1RO100', NULL, 'IN_PROGRESS', 'METHODOLOGICAL', '\0', 1),
	(45, '\0', 37, '\0', NULL, '\0', 'CoCoA', '2012-01-03 00:00:00', 'IN_PROGRESS', 'METHODOLOGICAL', '\0', 1),
	(46, '\0', 37, '\0', NULL, '\0', 'Synesthesia', '2012-01-05 00:00:00', 'FINISHED', 'CLINICAL', '\0', 1),
	(47, '\0', NULL, '\0', NULL, 1, 'HYP_T2', NULL, 'IN_PROGRESS', 'METHODOLOGICAL', '\0', 1),
	(48, '\0', NULL, '\0', NULL, 1, 'DEPAPATHIE', '2012-07-13 00:00:00', 'IN_PROGRESS', 'METHODOLOGICAL', '\0', 1),
	(49, '\0', NULL, '\0', NULL, 1, 'AfaCorVis3D', '2012-07-16 00:00:00', 'IN_PROGRESS', 'METHODOLOGICAL', '\0', 1),
	(50, '\0', NULL, '\0', '2013-08-30 00:00:00', 1, 'DIVASL', '2012-07-25 00:00:00', 'FINISHED', 'METHODOLOGICAL', '\0', 1),
	(51, '\0', NULL, '\0', NULL, 1, 'IQALY-SEP+', NULL, 'IN_PROGRESS', 'METHODOLOGICAL', '\0', 1),
	(52, '\0', NULL, '\0', '2012-09-01 00:00:00', 1, 'MIDI', '2012-08-02 00:00:00', 'FINISHED', 'METHODOLOGICAL', '\0', 1),
	(53, '\0', NULL, '\0', '2011-04-01 00:00:00', 1, 'Emodes_Pilote', '2010-01-01 00:00:00', 'FINISHED', 'CLINICAL', '\0', 1),
	(54, '\0', NULL, '\0', '2012-08-09 00:00:00', 1, 'ATLDIF', '2012-08-08 00:00:00', 'FINISHED', 'METHODOLOGICAL', '\0', 1),
	(55, '\0', NULL, '\0', NULL, 1, 'AVCPOSTIM', '2012-09-13 00:00:00', 'IN_PROGRESS', 'METHODOLOGICAL', '\0', 1),
	(56, '\0', NULL, '\0', NULL, 1, 'EMOCAR', NULL, 'IN_PROGRESS', 'METHODOLOGICAL', '\0', 1),
	(57, '\0', NULL, '\0', NULL, 1, 'MALTA', '2012-11-14 00:00:00', 'IN_PROGRESS', 'METHODOLOGICAL', '\0', 1),
	(58, '\0', NULL, '\0', NULL, 1, 'NCE MRA PHANTOM', NULL, 'IN_PROGRESS', 'METHODOLOGICAL', '\0', 1),
	(59, 1, 2, '\0', '2015-12-31 00:00:00', '\0', 'USPIO-6 C', '2009-07-01 00:00:00', 'IN_PROGRESS', 'CLINICAL', '\0', 1),
	(60, '\0', 2, '\0', '2013-07-31 00:00:00', '\0', 'OFSEP_Pilot_Marseille', '2013-01-01 00:00:00', 'FINISHED', 'METHODOLOGICAL', '\0', 1),
	(61, 1, NULL, '\0', NULL, 1, 'HEPAT_M', '2013-01-10 00:00:00', 'IN_PROGRESS', 'CLINICAL', '\0', 1),
	(62, '\0', NULL, '\0', NULL, 1, 'OFSEP_Pilot_U825', '2013-01-16 00:00:00', 'IN_PROGRESS', 'METHODOLOGICAL', '\0', 1),
	(63, 1, NULL, '\0', NULL, 1, 'GRECCAR 4', NULL, 'IN_PROGRESS', 'CLINICAL', '\0', 1),
	(64, 1, 2, '\0', '2013-05-06 00:00:00', '\0', 'OFSEP_Pilot_Rennes', '2013-12-02 00:00:00', 'FINISHED', 'CLINICAL', '\0', 1),
	(65, 1, NULL, '\0', NULL, 1, 'OFSEP_Pilot_Vannes', '2013-01-14 00:00:00', 'IN_PROGRESS', 'CLINICAL', '\0', 1),
	(66, 1, NULL, '\0', NULL, 1, 'TMS Depression', NULL, 'IN_PROGRESS', 'CLINICAL', '\0', 1),
	(67, 1, NULL, '\0', NULL, 1, 'OFSEP_Pilot_Reims', '2013-01-29 00:00:00', 'IN_PROGRESS', 'CLINICAL', '\0', 1),
	(68, '\0', NULL, '\0', NULL, 1, 'OFSEP_Pilot_Paris', '2013-02-01 00:00:00', 'IN_PROGRESS', 'METHODOLOGICAL', '\0', 1),
	(69, '\0', NULL, '\0', NULL, 1, 'EPI-DISTO', '2013-02-05 00:00:00', 'IN_PROGRESS', 'METHODOLOGICAL', '\0', 1),
	(70, '\0', NULL, '\0', NULL, 1, 'SSS-DIMO', NULL, 'IN_PROGRESS', 'METHODOLOGICAL', '\0', 1),
	(71, '\0', NULL, '\0', NULL, 1, 'Methodo ASL', '2013-02-18 00:00:00', 'IN_PROGRESS', 'METHODOLOGICAL', '\0', 1),
	(72, '\0', NULL, '\0', '2013-05-06 00:00:00', 1, 'OFSEP_Rennes', '2013-01-07 00:00:00', 'FINISHED', 'METHODOLOGICAL', '\0', 1),
	(73, '\0', NULL, '\0', '2013-05-06 00:00:00', 1, 'OFSEP_Grenoble', '2013-02-04 00:00:00', 'FINISHED', 'CLINICAL', '\0', 1),
	(74, '\0', NULL, '\0', NULL, 1, 'HORAW', NULL, 'IN_PROGRESS', 'METHODOLOGICAL', '\0', 1),
	(75, '\0', NULL, '\0', '2013-05-06 00:00:00', 1, 'OFSEP_Pilot_CHLS', '2013-02-04 00:00:00', 'FINISHED', 'CLINICAL', '\0', 1),
	(76, 1, 71, '\0', '2016-12-30 00:00:00', 1, 'PSY MORPHO ASL', '2013-03-06 00:00:00', 'IN_PROGRESS', 'CLINICAL', '\0', 1),
	(77, '\0', 5, '\0', NULL, '\0', 'MS-REPAIR', NULL, 'IN_PROGRESS', 'METHODOLOGICAL', '\0', 1),
	(78, '\0', NULL, '\0', '2013-05-06 00:00:00', 1, 'OFSEP_Pilot_Hopital-Neuro', '2013-03-12 00:00:00', 'FINISHED', 'CLINICAL', '\0', 1),
	(79, '\0', NULL, '\0', '2013-05-06 00:00:00', 1, 'OFSEP_Pilot_Bordeaux', '2013-02-04 00:00:00', 'FINISHED', 'CLINICAL', '\0', 1),
	(80, '\0', NULL, '\0', '2014-10-31 00:00:00', 1, 'AVCPOSTIM MORPHO', '2013-10-11 00:00:00', 'IN_PROGRESS', 'METHODOLOGICAL', '\0', 1),
	(81, '\0', NULL, '\0', NULL, 1, 'CAPP-CATI', '2013-01-01 00:00:00', 'IN_PROGRESS', 'METHODOLOGICAL', '\0', 1),
	(82, '\0', 80, '\0', NULL, '\0', 'MS-SPI', NULL, 'IN_PROGRESS', 'CLINICAL', '\0', 1),
	(83, '\0', NULL, '\0', NULL, 1, 'DEEP GREEN', '2013-12-03 00:00:00', 'IN_PROGRESS', 'METHODOLOGICAL', '\0', 1),
	(84, '\0', NULL, '\0', NULL, 1, '*TEST', NULL, 'IN_PROGRESS', 'METHODOLOGICAL', '\0', 1),
	(85, '\0', NULL, '\0', NULL, 1, '*Volontaires Sains', NULL, 'IN_PROGRESS', 'METHODOLOGICAL', '\0', 1),
	(86, '\0', 2, '\0', NULL, '\0', 'EMISEP_Pilote', NULL, 'IN_PROGRESS', 'METHODOLOGICAL', '\0', 1),
	(87, '\0', NULL, '\0', NULL, 1, 'LONGIDEP', '2014-03-03 00:00:00', 'IN_PROGRESS', 'METHODOLOGICAL', '\0', '\0'),
	(88, '\0', NULL, '\0', NULL, 1, 'MP2Relaxo', '2014-03-18 00:00:00', 'IN_PROGRESS', 'METHODOLOGICAL', '\0', 1),
	(89, '\0', NULL, '\0', NULL, 1, 'PERINE_Pilote', '2014-04-22 00:00:00', 'IN_PROGRESS', 'METHODOLOGICAL', '\0', 1),
	(90, '\0', NULL, '\0', NULL, 1, 'VEP', '2014-05-07 00:00:00', 'IN_PROGRESS', 'METHODOLOGICAL', '\0', 1),
	(91, '\0', NULL, '\0', NULL, 1, 'OptimMS', '2014-05-22 00:00:00', 'IN_PROGRESS', 'METHODOLOGICAL', '\0', 1),
	(92, '\0', 84, '\0', NULL, '\0', 'MoNICa', NULL, 'IN_PROGRESS', 'METHODOLOGICAL', '\0', 1),
	(93, '\0', NULL, '\0', NULL, 1, 'ASL_Pilote', NULL, 'IN_PROGRESS', 'METHODOLOGICAL', '\0', 1),
	(94, '\0', 2, '\0', NULL, '\0', 'EMISEP', '2014-02-03 00:00:00', 'IN_PROGRESS', 'METHODOLOGICAL', '\0', 1),
	(96, '\0', 1, '\0', NULL, '\0', 'ASL_Pilote_CATI', NULL, 'IN_PROGRESS', 'METHODOLOGICAL', '\0', 1),
	(97, '\0', NULL, '\0', NULL, 1, 'HEMISFER_Pilote', '2014-06-20 00:00:00', 'IN_PROGRESS', 'METHODOLOGICAL', '\0', 1),
	(98, '\0', NULL, '\0', NULL, 1, 'HEMOCOEUR', '2014-07-01 00:00:00', 'IN_PROGRESS', 'METHODOLOGICAL', '\0', 1),
	(99, '\0', 91, '\0', NULL, '\0', 'F-Tract', '2014-07-17 00:00:00', 'IN_PROGRESS', 'METHODOLOGICAL', '\0', 1),
	(100, '\0', 95, '\0', NULL, '\0', 'OxyTC', NULL, 'IN_PROGRESS', 'CLINICAL', '\0', 1),
	(101, '\0', NULL, '\0', NULL, 1, 'PERINE', '2014-11-19 00:00:00', 'IN_PROGRESS', 'METHODOLOGICAL', '\0', 1),
	(102, '\0', NULL, '\0', NULL, 1, 'LUNG', '2014-11-20 00:00:00', 'IN_PROGRESS', 'METHODOLOGICAL', '\0', 1),
	(103, '\0', NULL, '\0', NULL, 1, 'T1Mapping_Repro', '2014-11-20 00:00:00', 'IN_PROGRESS', 'METHODOLOGICAL', '\0', 1),
	(104, '\0', NULL, '\0', '2015-12-02 00:00:00', 1, 'Sprite', '2014-12-02 00:00:00', 'FINISHED', 'CLINICAL', '\0', 1),
	(105, '\0', NULL, '\0', '2017-12-01 00:00:00', 1, 'AGIR-PARK', '2014-12-02 00:00:00', 'IN_PROGRESS', 'METHODOLOGICAL', '\0', 1),
	(106, '\0', NULL, '\0', NULL, 1, 'RICART', NULL, 'IN_PROGRESS', 'METHODOLOGICAL', '\0', 1),
	(107, 1, NULL, '\0', NULL, 1, 'HEMO MAV', '2015-01-20 00:00:00', 'IN_PROGRESS', 'CLINICAL', '\0', 1),
	(108, 1, NULL, '\0', NULL, 1, 'Tracto-SCP-Pilote', '2015-01-13 00:00:00', 'IN_PROGRESS', 'CLINICAL', '\0', 1),
	(109, '\0', NULL, '\0', NULL, 1, 'Tracto-SCP', '2015-01-13 00:00:00', 'IN_PROGRESS', 'METHODOLOGICAL', '\0', 1),
	(110, '\0', NULL, '\0', NULL, 1, 'ReproRelaxo', '2015-03-12 00:00:00', 'IN_PROGRESS', 'METHODOLOGICAL', '\0', 1),
	(111, '\0', NULL, '\0', NULL, 1, 'CineRT', NULL, 'IN_PROGRESS', 'METHODOLOGICAL', '\0', 1),
	(112, '\0', NULL, '\0', NULL, 1, 'BrainGraphs', '2015-04-10 00:00:00', 'IN_PROGRESS', 'METHODOLOGICAL', '\0', 1),
	(113, '\0', NULL, '\0', NULL, 1, 'EPMR-MA Pilote OSS', NULL, 'IN_PROGRESS', 'METHODOLOGICAL', '\0', 1),
	(114, '\0', NULL, '\0', NULL, 1, 'HED-O-SHIFT Pilote OSS', '2015-07-02 00:00:00', 'IN_PROGRESS', 'METHODOLOGICAL', '\0', 1),
	(115, '\0', NULL, '\0', NULL, 1, 'EPMR-MA', NULL, 'IN_PROGRESS', 'CLINICAL', '\0', 1),
	(116, '\0', NULL, '\0', NULL, 1, 'HED-O-SHIFT', NULL, 'IN_PROGRESS', 'METHODOLOGICAL', '\0', 1),
	(117, '\0', NULL, '\0', NULL, 1, 'CineIRM', '2015-07-03 00:00:00', 'IN_PROGRESS', 'METHODOLOGICAL', '\0', 1),
	(118, '\0', NULL, '\0', NULL, 1, 'COGNISEP Pilote OSS', '2015-07-10 00:00:00', 'IN_PROGRESS', 'METHODOLOGICAL', '\0', 1),
	(119, '\0', NULL, '\0', NULL, 1, 'PEPS EC', NULL, 'IN_PROGRESS', 'METHODOLOGICAL', '\0', 1),
	(120, '\0', NULL, '\0', NULL, 1, 'ASL DISTO', '2015-10-30 00:00:00', 'IN_PROGRESS', 'CLINICAL', '\0', 1),
	(121, '\0', NULL, '\0', NULL, 1, 'ASL_pedia', NULL, 'IN_PROGRESS', 'CLINICAL', '\0', 1),
	(122, '\0', NULL, '\0', NULL, 1, 'DAbdo3D', '2016-02-03 00:00:00', 'IN_PROGRESS', 'CLINICAL', '\0', 1),
	(123, 1, 152, '\0', NULL, '\0', 'RESSTORE', '2016-02-15 00:00:00', 'IN_PROGRESS', 'CLINICAL', '\0', 1),
	(124, '\0', 153, '\0', NULL, '\0', 'ICAN', NULL, 'IN_PROGRESS', 'CLINICAL', '\0', 1),
	(125, '\0', NULL, '\0', NULL, 1, 'ADERASL', '2016-07-20 00:00:00', 'IN_PROGRESS', 'CLINICAL', '\0', 1),
	(126, '\0', NULL, '\0', NULL, 1, 'test', NULL, 'IN_PROGRESS', 'CLINICAL', '\0', 1),
	(127, '\0', NULL, '\0', NULL, 1, 'Test_DerivedStudy', NULL, 'IN_PROGRESS', 'CLINICAL', '\0', 1),
	(128, '\0', NULL, '\0', NULL, 1, 'QUANT_MRI', '2016-08-04 00:00:00', 'IN_PROGRESS', 'CLINICAL', '\0', 1),
	(129, '\0', NULL, '\0', NULL, 1, 'MB-Diffusion', '2016-11-14 00:00:00', 'IN_PROGRESS', 'CLINICAL', '\0', 1),
	(130, '\0', NULL, '\0', NULL, 1, 'COGNISEP Patients', NULL, 'IN_PROGRESS', 'CLINICAL', '\0', 1),
	(131, '\0', NULL, '\0', NULL, 1, 'UTE4EEG', '2017-03-21 00:00:00', 'IN_PROGRESS', 'CLINICAL', '\0', 1),
	(132, '\0', NULL, '\0', NULL, 1, 'FastMicroDiff', NULL, 'IN_PROGRESS', 'CLINICAL', '\0', 1),
	(133, '\0', 191, '\0', NULL, '\0', 'CaractRF', NULL, 'IN_PROGRESS', 'CLINICAL', '\0', 1),
	(134, '\0', NULL, '\0', NULL, 1, 'Sharing_SynesthesiaData', NULL, 'IN_PROGRESS', 'CLINICAL', '\0', 1);

CREATE TABLE `study_center` (
  `id` bigint(20) NOT NULL,
  `center_id` bigint(20) DEFAULT NULL,
  `study_id` bigint(20) DEFAULT NULL,
  PRIMARY KEY (`id`),
  KEY `FKi5ioon66o30h52tyxdqubfpdp` (`center_id`),
  KEY `FK2hmmh3c0w1tk8npi76hpvf09i` (`study_id`),
  CONSTRAINT `FK2hmmh3c0w1tk8npi76hpvf09i` FOREIGN KEY (`study_id`) REFERENCES `study` (`id`),
  CONSTRAINT `FKi5ioon66o30h52tyxdqubfpdp` FOREIGN KEY (`center_id`) REFERENCES `center` (`id`)
) ENGINE=InnoDB AUTO_INCREMENT=289 DEFAULT CHARSET=utf8;

INSERT INTO study_center
	(id, center_id, study_id)
VALUES
	(1, 1, 1),
	(2, 1, 2),
	(3, 2, 2),
	(4, 3, 2),
	(5, 4, 2),
	(6, 1, 3),
	(7, 1, 4),
	(8, 1, 5),
	(10, 1, 7),
	(12, 1, 9),
	(13, 1, 10),
	(14, 1, 11),
	(15, 1, 12),
	(16, 1, 13),
	(17, 1, 14),
	(18, 1, 15),
	(21, 1, 17),
	(22, 1, 18),
	(23, 1, 19),
	(24, 1, 20),
	(25, 1, 21),
	(26, 1, 22),
	(27, 1, 23),
	(28, 1, 24),
	(29, 1, 25),
	(30, 1, 26),
	(31, 1, 27),
	(32, 1, 28),
	(33, 1, 29),
	(34, 1, 30),
	(35, 1, 31),
	(36, 1, 18),
	(37, 1, 32),
	(39, 1, 33),
	(40, 9, 34),
	(41, 2, 34),
	(42, 7, 34),
	(43, 10, 34),
	(44, 11, 34),
	(45, 12, 34),
	(46, 1, 34),
	(47, 13, 34),
	(48, 1, 34),
	(50, 1, 36),
	(51, 1, 37),
	(52, 1, 38),
	(53, 1, 39),
	(54, 1, 40),
	(55, 1, 41),
	(56, 1, 42),
	(57, 1, 43),
	(58, 14, 43),
	(59, 1, 44),
	(60, 15, 45),
	(61, 15, 46),
	(65, 14, 46),
	(66, 14, 45),
	(67, 14, 35),
	(68, 1, 47),
	(69, 1, 48),
	(72, 1, 49),
	(73, 1, 50),
	(74, 1, 51),
	(75, 1, 18),
	(76, 1, 51),
	(77, 1, 51),
	(78, 1, 51),
	(79, 1, 52),
	(80, 1, 51),
	(81, 1, 51),
	(82, 1, 53),
	(83, 1, 54),
	(84, 1, 53),
	(85, 1, 6),
	(86, 1, 55),
	(87, 1, 56),
	(88, 1, 55),
	(89, 1, 57),
	(90, 5, 33),
	(91, 18, 33),
	(92, 1, 58),
	(93, 19, 33),
	(94, 20, 33),
	(95, 21, 33),
	(96, 22, 33),
	(97, 10, 46),
	(98, 1, 59),
	(99, 2, 59),
	(100, 4, 59),
	(101, 3, 59),
	(102, 10, 59),
	(103, 4, 60),
	(104, 1, 60),
	(105, 1, 61),
	(106, 23, 62),
	(107, 1, 63),
	(108, 1, 64),
	(109, 24, 64),
	(110, 25, 65),
	(111, 1, 66),
	(112, 2, 67),
	(114, 27, 68),
	(115, 1, 69),
	(116, 1, 70),
	(117, 1, 71),
	(118, 1, 72),
	(119, 14, 73),
	(120, 1, 74),
	(121, 29, 75),
	(126, 1, 76),
	(127, 1, 77),
	(128, 4, 77),
	(129, 2, 77),
	(132, 5, 78),
	(133, 28, 79),
	(134, 1, 80),
	(135, 1, 81),
	(136, 1, 82),
	(137, 2, 82),
	(138, 4, 82),
	(139, 10, 82),
	(140, 30, 82),
	(141, 3, 82),
	(142, 31, 34),
	(143, 1, 83),
	(144, 1, 84),
	(145, 1, 85),
	(146, 1, 86),
	(147, 12, 86),
	(148, 4, 86),
	(149, 2, 86),
	(150, 10, 86),
	(151, 3, 86),
	(152, 1, 87),
	(153, 1, 88),
	(154, 1, 89),
	(155, 1, 90),
	(156, 1, 91),
	(157, 5, 92),
	(158, 33, 92),
	(160, 31, 86),
	(161, 30, 86),
	(163, 29, 86),
	(164, 28, 86),
	(165, 35, 86),
	(166, 1, 93),
	(167, 1, 94),
	(168, 12, 94),
	(169, 31, 94),
	(170, 30, 94),
	(171, 4, 94),
	(172, 29, 94),
	(173, 35, 94),
	(174, 28, 94),
	(175, 10, 94),
	(176, 2, 94),
	(177, 3, 94),
	(182, 1, 96),
	(183, 14, 96),
	(184, 1, 97),
	(188, 15, 99),
	(189, 14, 99),
	(192, 14, 100),
	(193, 1, 101),
	(194, 1, 102),
	(195, 1, 103),
	(196, 10, 104),
	(198, 14, 105),
	(200, 1, 106),
	(201, 1, 107),
	(202, 1, 108),
	(203, 1, 109),
	(204, 1, 98),
	(205, 36, 100),
	(207, 28, 100),
	(208, 9, 100),
	(210, 1, 100),
	(212, 39, 100),
	(213, 40, 100),
	(214, 41, 100),
	(216, 43, 100),
	(217, 44, 100),
	(218, 1, 110),
	(219, 1, 111),
	(220, 1, 112),
	(221, 1, 113),
	(222, 31, 100),
	(223, 45, 100),
	(224, 46, 100),
	(225, 1, 114),
	(226, 1, 115),
	(227, 1, 116),
	(228, 1, 117),
	(229, 1, 118),
	(230, 1, 119),
	(231, 47, 100),
	(232, 38, 100),
	(233, 48, 100),
	(236, 49, 100),
	(237, 50, 100),
	(238, 1, 120),
	(239, 51, 100),
	(240, 1, 121),
	(243, 1, 122),
	(244, 14, 123),
	(245, 15, 123),
	(246, 30, 100),
	(248, 5, 100),
	(249, 10, 100),
	(250, 11, 124),
	(251, 52, 124),
	(252, 53, 124),
	(253, 54, 124),
	(254, 55, 124),
	(255, 56, 124),
	(256, 57, 124),
	(257, 1, 124),
	(258, 58, 124),
	(259, 59, 124),
	(260, 60, 124),
	(261, 46, 124),
	(262, 61, 124),
	(263, 44, 124),
	(264, 40, 124),
	(265, 62, 124),
	(266, 1, 125),
	(267, 16, 124),
	(268, 28, 126),
	(269, 1, 127),
	(270, 1, 128),
	(271, 51, 124),
	(272, 63, 124),
	(273, 10, 124),
	(274, 49, 124),
	(275, 28, 124),
	(276, 64, 124),
	(277, 39, 124),
	(278, 65, 124),
	(279, 1, 129),
	(280, 66, 124),
	(281, 67, 124),
	(282, 1, 130),
	(283, 2, 124),
	(284, 1, 131),
	(285, 1, 132),
	(286, 1, 133),
	(287, 68, 133),
	(288, 15, 134);

CREATE TABLE `study_study_card` (
  `study_id` bigint(20) NOT NULL,
  `study_card_id` bigint(20) DEFAULT NULL,
  KEY `FKeutuw850j87x31io2brvsoedn` (`study_id`),
  CONSTRAINT `FKeutuw850j87x31io2brvsoedn` FOREIGN KEY (`study_id`) REFERENCES `study` (`id`)
) ENGINE=InnoDB DEFAULT CHARSET=utf8;

INSERT INTO study_study_card
	(study_id, study_card_id)
VALUES
	(1, 1),
	(2, 2),
	(3, 3),
	(4, 4),
	(5, 5),
	(6, 6),
	(7, 7),
	(9, 9),
	(11, 11),
	(12, 12),
	(13, 13),
	(14, 14),
	(15, 15),
	(17, 16),
	(19, 17),
	(20, 18),
	(21, 19),
	(22, 20),
	(23, 21),
	(24, 22),
	(25, 23),
	(2, 24),
	(2, 25),
	(27, 26),
	(26, 27),
	(28, 28),
	(29, 29),
	(30, 30),
	(30, 31),
	(31, 32),
	(18, 33),
	(32, 34),
	(33, 35),
	(34, 36),
	(34, 37),
	(35, 38),
	(34, 39),
	(36, 40),
	(37, 41),
	(34, 44),
	(38, 45),
	(39, 46),
	(40, 47),
	(7, 48),
	(7, 49),
	(41, 50),
	(2, 51),
	(2, 52),
	(2, 53),
	(42, 54),
	(43, 55),
	(44, 56),
	(45, 57),
	(47, 58),
	(48, 59),
	(49, 60),
	(46, 61),
	(50, 62),
	(51, 63),
	(52, 64),
	(53, 65),
	(54, 66),
	(55, 67),
	(56, 68),
	(57, 69),
	(33, 70),
	(33, 71),
	(33, 72),
	(58, 73),
	(33, 74),
	(33, 75),
	(33, 76),
	(33, 78),
	(33, 79),
	(33, 80),
	(33, 81),
	(46, 82),
	(60, 83),
	(61, 84),
	(62, 85),
	(63, 86),
	(64, 87),
	(64, 88),
	(65, 89),
	(66, 90),
	(67, 91),
	(68, 92),
	(69, 93),
	(70, 94),
	(71, 95),
	(72, 97),
	(72, 98),
	(73, 99),
	(74, 100),
	(75, 101),
	(76, 104),
	(77, 105),
	(77, 106),
	(78, 108),
	(79, 109),
	(79, 110),
	(77, 111),
	(80, 112),
	(81, 113),
	(82, 114),
	(82, 115),
	(82, 116),
	(82, 117),
	(82, 118),
	(34, 119),
	(83, 120),
	(82, 121),
	(84, 122),
	(86, 123),
	(87, 124),
	(88, 125),
	(89, 126),
	(90, 127),
	(91, 128),
	(92, 129),
	(92, 130),
	(86, 131),
	(86, 132),
	(86, 133),
	(86, 134),
	(86, 135),
	(93, 136),
	(93, 137),
	(94, 138),
	(94, 139),
	(94, 140),
	(94, 141),
	(94, 142),
	(94, 143),
	(96, 144),
	(97, 145),
	(98, 146),
	(96, 147),
	(94, 148),
	(86, 151),
	(94, 152),
	(99, 153),
	(101, 154),
	(102, 155),
	(103, 156),
	(104, 158),
	(105, 159),
	(100, 160),
	(84, 161),
	(106, 162),
	(94, 163),
	(86, 164),
	(94, 165),
	(86, 166),
	(107, 167),
	(108, 168),
	(109, 169),
	(110, 174),
	(111, 175),
	(112, 176),
	(113, 177),
	(100, 178),
	(100, 179),
	(100, 180),
	(114, 181),
	(115, 182),
	(116, 183),
	(117, 184),
	(118, 185),
	(100, 186),
	(119, 187),
	(100, 188),
	(100, 189),
	(100, 190),
	(100, 191),
	(100, 192),
	(100, 193),
	(100, 194),
	(100, 195),
	(100, 196),
	(120, 197),
	(100, 198),
	(100, 199),
	(100, 200),
	(100, 201),
	(121, 202),
	(94, 203),
	(122, 204),
	(100, 205),
	(100, 206),
	(124, 207),
	(100, 208),
	(100, 209),
	(108, 210),
	(124, 211),
	(124, 212),
	(124, 213),
	(124, 214),
	(124, 215),
	(124, 216),
	(124, 217),
	(124, 218),
	(124, 219),
	(124, 220),
	(124, 221),
	(124, 222),
	(124, 223),
	(124, 224),
	(124, 225),
	(124, 226),
	(124, 227),
	(124, 228),
	(124, 229),
	(124, 230),
	(124, 231),
	(124, 232),
	(124, 233),
	(124, 234),
	(124, 235),
	(124, 236),
	(124, 237),
	(124, 238),
	(124, 239),
	(124, 240),
	(124, 241),
	(124, 242),
	(124, 243),
	(124, 244),
	(124, 245),
	(124, 246),
	(124, 247),
	(124, 248),
	(124, 249),
	(124, 250),
	(124, 251),
	(124, 252),
	(124, 253),
	(124, 254),
	(124, 255),
	(124, 256),
	(124, 257),
	(124, 258),
	(124, 259),
	(124, 260),
	(124, 261),
	(124, 262),
	(124, 263),
	(124, 264),
	(124, 265),
	(125, 266),
	(82, 267),
	(124, 268),
	(124, 269),
	(124, 270),
	(127, 271),
	(128, 272),
	(124, 273),
	(124, 274),
	(124, 275),
	(124, 276),
	(124, 277),
	(124, 278),
	(124, 279),
	(124, 280),
	(124, 281),
	(124, 282),
	(124, 283),
	(124, 284),
	(124, 285),
	(124, 286),
	(82, 287),
	(82, 288),
	(124, 289),
	(124, 290),
	(124, 291),
	(124, 292),
	(124, 293),
	(124, 294),
	(124, 295),
	(124, 296),
	(124, 297),
	(124, 298),
	(124, 299),
	(124, 300),
	(124, 301),
	(124, 302),
	(124, 303),
	(124, 304),
	(124, 305),
	(124, 306),
	(124, 307),
	(129, 308),
	(124, 309),
	(124, 310),
	(130, 311),
	(124, 312),
	(124, 313),
	(124, 314),
	(124, 315),
	(124, 316),
	(124, 317),
	(124, 318),
	(131, 319),
	(132, 320),
	(133, 321);

CREATE TABLE `study_user` (
  `id` bigint(20) NOT NULL,
  `receive_anonymization_report` bit(1) NOT NULL,
  `receive_new_import_report` bit(1) NOT NULL,
  `study_user_type` varchar(255) NOT NULL,
  `user_id` bigint(20) DEFAULT NULL,
  `study_id` bigint(20) DEFAULT NULL,
  PRIMARY KEY (`id`),
  KEY `FKc4ftmuoc0u0ghw43dxth2m8we` (`study_id`),
  CONSTRAINT `FKc4ftmuoc0u0ghw43dxth2m8we` FOREIGN KEY (`study_id`) REFERENCES `study` (`id`)
) ENGINE=InnoDB DEFAULT CHARSET=utf8;

INSERT INTO study_user
	(id, receive_anonymization_report, receive_new_import_report, study_id, study_user_type, user_id)
VALUES
	(1, '\0', 1, 1, 1, 4),
	(4, '\0', 1, 3, 1, 4),
	(5, '\0', 1, 4, 1, 4),
	(6, '\0', '\0', 4, 5, 11),
	(7, '\0', '\0', 4, 3, 9),
	(8, '\0', 1, 5, 1, 4),
	(10, '\0', '\0', 5, 3, 9),
	(11, '\0', 1, 6, 1, 4),
	(12, '\0', 1, 6, 5, 11),
	(13, '\0', '\0', 6, 5, 9),
	(14, '\0', '\0', 6, 5, 10),
	(39, '\0', 1, 7, 1, 4),
	(41, '\0', 1, 9, 1, 4),
	(43, '\0', 1, 11, 1, 4),
	(44, '\0', '\0', 1, 3, 9),
	(45, '\0', 1, 2, 1, 4),
	(54, '\0', '\0', 9, 5, 13),
	(55, '\0', 1, 12, 1, 4),
	(56, '\0', 1, 13, 1, 9),
	(58, '\0', '\0', 11, 3, 9),
	(59, '\0', 1, 14, 1, 9),
	(62, '\0', '\0', 2, 2, 9),
	(63, '\0', 1, 15, 1, 9),
	(65, '\0', '\0', 2, 3, 17),
	(66, '\0', 1, 17, 1, 4),
	(68, 1, '\0', 17, 2, 18),
	(69, '\0', '\0', 15, 2, 11),
	(72, '\0', 1, 18, 1, 9),
	(74, '\0', 1, 19, 1, 4),
	(75, '\0', '\0', 19, 5, 11),
	(76, '\0', '\0', 19, 3, 9),
	(77, '\0', '\0', 19, 5, 10),
	(78, '\0', '\0', 14, 2, 11),
	(79, '\0', 1, 20, 1, 4),
	(80, '\0', '\0', 11, 5, 11),
	(81, '\0', '\0', 19, 5, 17),
	(82, '\0', 1, 21, 1, 9),
	(83, '\0', 1, 2, 2, 19),
	(84, '\0', 1, 22, 1, 4),
	(85, '\0', '\0', 22, 1, 9),
	(86, '\0', '\0', 22, 5, 11),
	(87, '\0', 1, 23, 1, 4),
	(88, '\0', 1, 23, 1, 9),
	(89, '\0', 1, 24, 1, 3),
	(91, '\0', 1, 25, 1, 4),
	(92, '\0', '\0', 15, 2, 4),
	(93, '\0', '\0', 14, 2, 4),
	(94, '\0', '\0', 25, 3, 23),
	(95, '\0', '\0', 11, 3, 23),
	(96, '\0', '\0', 5, 3, 23),
	(97, '\0', '\0', 4, 3, 23),
	(98, '\0', 1, 26, 1, 4),
	(99, '\0', 1, 26, 1, 9),
	(100, '\0', '\0', 26, 3, 23),
	(101, '\0', 1, 27, 1, 4),
	(102, '\0', '\0', 27, 1, 9),
	(103, '\0', '\0', 27, 3, 23),
	(104, '\0', '\0', 26, 5, 11),
	(105, '\0', 1, 10, 1, 4),
	(106, '\0', 1, 28, 1, 4),
	(107, '\0', 1, 29, 1, 4),
	(108, '\0', 1, 28, 1, 11),
	(109, '\0', 1, 29, 1, 11),
	(110, '\0', 1, 28, 3, 23),
	(111, '\0', '\0', 29, 3, 23),
	(112, '\0', '\0', 27, 3, 11),
	(114, '\0', '\0', 2, 2, 23),
	(115, '\0', 1, 18, 1, 4),
	(116, '\0', 1, 30, 1, 4),
	(118, '\0', '\0', 30, 5, 11),
	(119, '\0', '\0', 30, 5, 17),
	(120, '\0', '\0', 30, 3, 9),
	(121, '\0', '\0', 2, 5, 24),
	(122, '\0', '\0', 18, 5, 24),
	(123, '\0', '\0', 22, 5, 24),
	(124, '\0', '\0', 28, 5, 24),
	(126, '\0', '\0', 26, 5, 24),
	(127, '\0', '\0', 5, 5, 24),
	(128, '\0', '\0', 23, 5, 24),
	(129, '\0', '\0', 19, 5, 24),
	(130, '\0', '\0', 10, 5, 24),
	(131, '\0', '\0', 4, 5, 24),
	(132, '\0', 1, 31, 1, 4),
	(133, '\0', '\0', 11, 5, 17),
	(134, '\0', '\0', 31, 3, 23),
	(135, '\0', '\0', 18, 5, 11),
	(138, '\0', 1, 32, 1, 4),
	(140, '\0', 1, 32, 3, 9),
	(141, '\0', 1, 32, 3, 11),
	(143, '\0', '\0', 32, 5, 12),
	(145, '\0', '\0', 33, 1, 16),
	(146, '\0', '\0', 32, 5, 26),
	(147, '\0', '\0', 34, 1, 4),
	(148, '\0', '\0', 34, 5, 24),
	(149, '\0', '\0', 34, 3, 23),
	(150, '\0', '\0', 35, 1, 26),
	(151, '\0', '\0', 14, 3, 23),
	(152, '\0', '\0', 23, 3, 23),
	(153, '\0', '\0', 20, 3, 23),
	(154, '\0', '\0', 22, 3, 23),
	(155, '\0', 1, 36, 1, 4),
	(156, '\0', '\0', 36, 3, 23),
	(157, '\0', '\0', 35, 5, 4),
	(158, '\0', '\0', 15, 5, 27),
	(159, '\0', 1, 37, 1, 4),
	(160, '\0', '\0', 37, 3, 23),
	(161, '\0', '\0', 37, 1, 9),
	(163, '\0', '\0', 2, 1, 12),
	(164, '\0', '\0', 5, 1, 12),
	(165, '\0', '\0', 18, 5, 12),
	(166, '\0', '\0', 19, 1, 12),
	(167, '\0', '\0', 7, 5, 12),
	(168, '\0', '\0', 24, 1, 4),
	(170, '\0', 1, 37, 3, 30),
	(171, '\0', '\0', 2, 5, 29),
	(172, '\0', '\0', 7, 3, 17),
	(173, '\0', '\0', 7, 5, 19),
	(174, '\0', '\0', 7, 5, 29),
	(175, '\0', 1, 2, 5, 32),
	(176, '\0', '\0', 18, 5, 32),
	(177, '\0', '\0', 11, 5, 30),
	(178, '\0', '\0', 7, 5, 24),
	(179, '\0', 1, 38, 1, 4),
	(180, '\0', 1, 38, 1, 11),
	(181, '\0', '\0', 2, 5, 33),
	(182, '\0', '\0', 28, 5, 27),
	(183, '\0', '\0', 19, 3, 23),
	(184, '\0', 1, 2, 5, 34),
	(185, '\0', '\0', 37, 5, 24),
	(186, '\0', 1, 39, 1, 4),
	(187, '\0', '\0', 39, 3, 23),
	(188, '\0', '\0', 39, 3, 36),
	(190, '\0', 1, 20, 5, 38),
	(191, '\0', '\0', 40, 1, 4),
	(192, '\0', '\0', 40, 3, 23),
	(194, '\0', '\0', 38, 3, 23),
	(196, '\0', '\0', 38, 5, 40),
	(197, '\0', '\0', 7, 3, 23),
	(198, '\0', '\0', 2, 3, 28),
	(199, '\0', '\0', 28, 5, 30),
	(200, '\0', 1, 41, 1, 4),
	(201, '\0', '\0', 41, 3, 23),
	(202, '\0', '\0', 41, 1, 9),
	(203, '\0', '\0', 18, 3, 23),
	(204, '\0', 1, 42, 1, 4),
	(205, '\0', '\0', 42, 2, 23),
	(206, '\0', '\0', 2, 3, 41),
	(207, '\0', '\0', 31, 5, 11),
	(208, '\0', '\0', 22, 5, 43),
	(209, '\0', '\0', 23, 5, 42),
	(210, '\0', 1, 43, 1, 4),
	(211, '\0', '\0', 43, 2, 23),
	(212, '\0', '\0', 43, 1, 9),
	(214, '\0', '\0', 43, 3, 26),
	(216, '\0', '\0', 43, 1, 12),
	(217, '\0', '\0', 38, 5, 28),
	(218, '\0', '\0', 38, 5, 17),
	(219, '\0', '\0', 38, 5, 44),
	(223, '\0', '\0', 11, 5, 34),
	(224, '\0', 1, 44, 1, 4),
	(225, '\0', '\0', 44, 1, 9),
	(226, '\0', 1, 44, 3, 23),
	(227, '\0', '\0', 44, 5, 30),
	(228, '\0', '\0', 45, 1, 26),
	(229, '\0', '\0', 46, 1, 26),
	(230, '\0', '\0', 45, 3, 48),
	(231, '\0', '\0', 45, 1, 46),
	(232, '\0', '\0', 46, 2, 47),
	(233, '\0', '\0', 46, 1, 46),
	(234, '\0', '\0', 34, 5, 12),
	(237, '\0', '\0', 45, 5, 47),
	(238, '\0', '\0', 37, 5, 17),
	(239, '\0', '\0', 37, 5, 12),
	(240, '\0', '\0', 37, 5, 11),
	(241, '\0', '\0', 2, 5, 30),
	(242, '\0', 1, 47, 1, 4),
	(243, '\0', 1, 47, 3, 23),
	(244, '\0', 1, 33, 1, 49),
	(245, '\0', 1, 48, 1, 4),
	(246, 1, 1, 48, 5, 51),
	(247, '\0', '\0', 48, 2, 23),
	(248, '\0', '\0', 49, 1, 4),
	(249, '\0', '\0', 49, 3, 23),
	(250, 1, 1, 49, 2, 52),
	(252, '\0', '\0', 46, 5, 48),
	(253, '\0', '\0', 48, 3, 54),
	(254, '\0', '\0', 48, 5, 55),
	(255, '\0', '\0', 48, 3, 9),
	(256, '\0', 1, 50, 1, 4),
	(258, '\0', '\0', 50, 5, 27),
	(259, '\0', '\0', 50, 5, 12),
	(260, '\0', '\0', 50, 3, 23),
	(261, '\0', '\0', 50, 5, 11),
	(263, '\0', 1, 51, 1, 4),
	(264, '\0', '\0', 51, 2, 9),
	(265, '\0', '\0', 51, 3, 23),
	(267, '\0', '\0', 52, 3, 23),
	(268, '\0', '\0', 52, 3, 56),
	(269, '\0', '\0', 52, 3, 28),
	(270, '\0', '\0', 52, 3, 17),
	(271, '\0', '\0', 52, 1, 4),
	(272, '\0', 1, 53, 1, 4),
	(273, '\0', '\0', 53, 5, 10),
	(275, '\0', '\0', 43, 5, 17),
	(276, '\0', 1, 54, 1, 4),
	(277, '\0', '\0', 54, 3, 23),
	(278, '\0', '\0', 37, 5, 44),
	(279, '\0', '\0', 54, 5, 57),
	(280, '\0', '\0', 54, 5, 17),
	(281, '\0', '\0', 54, 5, 12),
	(282, '\0', '\0', 1, 3, 23),
	(283, '\0', '\0', 44, 5, 11),
	(284, '\0', '\0', 19, 5, 28),
	(285, '\0', '\0', 54, 5, 28),
	(286, '\0', '\0', 6, 2, 23),
	(287, '\0', '\0', 34, 2, 9),
	(288, '\0', 1, 55, 1, 4),
	(289, '\0', '\0', 55, 2, 23),
	(290, '\0', '\0', 56, 1, 4),
	(291, '\0', '\0', 56, 2, 23),
	(292, '\0', '\0', 56, 5, 36),
	(293, '\0', '\0', 55, 5, 58),
	(295, '\0', '\0', 57, 1, 4),
	(296, '\0', 1, 57, 5, 24),
	(297, '\0', 1, 57, 1, 9),
	(298, '\0', '\0', 40, 1, 9),
	(299, '\0', '\0', 40, 5, 59),
	(302, '\0', 1, 40, 5, 61),
	(305, '\0', '\0', 58, 1, 4),
	(307, '\0', '\0', 58, 5, 36),
	(310, '\0', '\0', 46, 5, 65),
	(316, '\0', '\0', 2, 5, 68),
	(317, '\0', '\0', 2, 5, 69),
	(318, '\0', '\0', 2, 5, 66),
	(319, '\0', '\0', 2, 5, 67),
	(320, '\0', '\0', 33, 5, 19),
	(321, '\0', '\0', 33, 5, 68),
	(322, '\0', '\0', 33, 5, 69),
	(323, '\0', '\0', 33, 5, 66),
	(324, '\0', '\0', 33, 5, 67),
	(325, '\0', '\0', 33, 5, 12),
	(326, '\0', '\0', 59, 1, 4),
	(327, '\0', '\0', 36, 5, 34),
	(328, '\0', '\0', 60, 1, 3),
	(329, '\0', '\0', 60, 3, 67),
	(330, '\0', '\0', 60, 2, 19),
	(331, '\0', '\0', 61, 1, 4),
	(332, '\0', '\0', 61, 2, 23),
	(333, '\0', '\0', 61, 5, 73),
	(334, '\0', '\0', 61, 5, 72),
	(335, '\0', '\0', 60, 5, 66),
	(336, '\0', 1, 60, 2, 63),
	(337, '\0', '\0', 51, 5, 13),
	(338, '\0', '\0', 62, 1, 3),
	(339, '\0', '\0', 62, 1, 69),
	(340, '\0', '\0', 63, 1, 4),
	(341, '\0', '\0', 63, 2, 23),
	(342, '\0', '\0', 63, 1, 9),
	(343, '\0', '\0', 11, 5, 27),
	(344, '\0', '\0', 32, 5, 74),
	(345, '\0', '\0', 64, 1, 4),
	(347, '\0', '\0', 64, 2, 23),
	(348, '\0', '\0', 64, 5, 24),
	(349, '\0', '\0', 64, 5, 12),
	(350, '\0', '\0', 65, 1, 4),
	(351, '\0', '\0', 65, 3, 23),
	(352, '\0', '\0', 65, 5, 24),
	(353, '\0', '\0', 66, 1, 4),
	(354, '\0', '\0', 66, 3, 23),
	(355, '\0', '\0', 66, 1, 9),
	(356, '\0', '\0', 65, 5, 12),
	(357, '\0', '\0', 67, 1, 3),
	(358, '\0', '\0', 67, 1, 68),
	(359, '\0', '\0', 67, 2, 77),
	(360, '\0', '\0', 2, 2, 77),
	(362, '\0', '\0', 39, 5, 27),
	(363, '\0', '\0', 60, 2, 78),
	(364, '\0', '\0', 60, 5, 79),
	(365, '\0', '\0', 67, 5, 79),
	(366, '\0', '\0', 64, 5, 79),
	(367, '\0', '\0', 65, 5, 79),
	(369, '\0', '\0', 59, 5, 79),
	(370, '\0', '\0', 34, 5, 79),
	(371, '\0', '\0', 68, 1, 3),
	(372, '\0', '\0', 60, 5, 12),
	(373, '\0', '\0', 67, 5, 12),
	(374, '\0', '\0', 59, 5, 12),
	(375, '\0', '\0', 69, 1, 4),
	(376, '\0', 1, 69, 2, 17),
	(377, '\0', '\0', 69, 2, 23),
	(378, '\0', '\0', 68, 5, 12),
	(379, '\0', '\0', 68, 5, 79),
	(380, '\0', '\0', 70, 1, 4),
	(381, '\0', 1, 69, 5, 28),
	(382, '\0', 1, 70, 5, 28),
	(383, '\0', '\0', 70, 2, 23),
	(386, '\0', '\0', 71, 1, 4),
	(387, '\0', '\0', 71, 2, 23),
	(388, '\0', '\0', 71, 1, 9),
	(389, '\0', '\0', 71, 2, 27),
	(390, '\0', '\0', 71, 5, 24),
	(391, '\0', '\0', 58, 2, 23),
	(392, '\0', '\0', 72, 1, 3),
	(393, '\0', '\0', 31, 3, 12),
	(394, '\0', '\0', 72, 2, 23),
	(395, '\0', '\0', 72, 2, 4),
	(396, '\0', '\0', 73, 1, 3),
	(399, '\0', '\0', 74, 1, 4),
	(400, '\0', '\0', 74, 2, 23),
	(401, '\0', '\0', 74, 1, 9),
	(402, '\0', '\0', 74, 5, 36),
	(403, '\0', '\0', 74, 5, 24),
	(404, '\0', '\0', 75, 1, 3),
	(406, '\0', 1, 76, 2, 23),
	(407, '\0', '\0', NULL, 1, NULL),
	(408, '\0', '\0', 75, 3, 84),
	(409, '\0', '\0', 76, 1, 9),
	(410, '\0', '\0', 76, 1, 4),
	(411, '\0', 1, 77, 1, 9),
	(412, '\0', '\0', 77, 1, 4),
	(413, '\0', '\0', 77, 2, 77),
	(414, '\0', '\0', 78, 1, 3),
	(415, '\0', '\0', 78, 3, 85),
	(416, '\0', 1, 69, 5, 86),
	(417, '\0', '\0', 79, 1, 3),
	(418, '\0', '\0', 77, 3, 87),
	(419, '\0', '\0', 77, 5, 88),
	(420, '\0', '\0', 77, 5, 67),
	(421, '\0', '\0', 77, 2, 19),
	(422, '\0', '\0', 77, 1, 78),
	(424, '\0', '\0', 77, 2, 23),
	(425, '\0', '\0', 77, 5, 24),
	(427, '\0', '\0', 2, 5, 83),
	(430, '\0', '\0', 77, 1, 12),
	(431, '\0', '\0', 77, 3, 17),
	(432, '\0', '\0', 77, 5, 34),
	(434, '\0', '\0', 77, 2, 92),
	(435, '\0', '\0', 37, 5, 28),
	(436, '\0', '\0', 22, 5, 28),
	(439, '\0', '\0', 19, 5, 27),
	(440, '\0', '\0', 57, 2, 23),
	(441, '\0', '\0', 80, 1, 4),
	(442, '\0', '\0', 81, 1, 4),
	(443, '\0', '\0', 80, 2, 23),
	(444, '\0', '\0', 80, 2, 58),
	(445, '\0', '\0', 81, 2, 23),
	(446, '\0', '\0', 81, 1, 9),
	(448, '\0', '\0', 82, 5, 24),
	(449, '\0', '\0', 82, 1, 12),
	(450, '\0', '\0', 82, 2, 77),
	(453, '\0', '\0', 82, 1, 4),
	(454, '\0', '\0', 82, 2, 94),
	(455, '\0', '\0', 82, 3, 87),
	(456, '\0', '\0', 82, 2, 67),
	(457, '\0', '\0', 82, 2, 19),
	(459, '\0', '\0', 77, 5, 96),
	(460, '\0', '\0', 77, 5, 97),
	(461, '\0', '\0', 60, 5, 95),
	(462, '\0', '\0', 68, 5, 95),
	(463, '\0', '\0', 67, 5, 95),
	(464, '\0', '\0', 82, 2, 23),
	(465, '\0', '\0', 77, 2, 98),
	(466, '\0', '\0', 19, 5, 51),
	(467, '\0', '\0', 22, 5, 51),
	(468, '\0', '\0', 83, 1, 4),
	(469, '\0', '\0', 83, 3, 23),
	(470, '\0', '\0', 83, 1, 9),
	(471, '\0', '\0', 44, 5, 51),
	(473, '\0', '\0', 82, 5, 17),
	(474, '\0', '\0', 84, 1, 3),
	(476, '\0', '\0', 84, 1, 63),
	(478, '\0', '\0', 82, 2, 78),
	(479, '\0', '\0', 82, 3, 100),
	(480, '\0', '\0', 15, 5, 101),
	(481, '\0', '\0', 71, 5, 101),
	(482, '\0', '\0', 85, 1, 3),
	(483, '\0', '\0', 85, 5, 102),
	(484, '\0', 1, 86, 1, 4),
	(485, '\0', '\0', 86, 2, 23),
	(486, '\0', '\0', 86, 5, 17),
	(488, '\0', '\0', 77, 5, 104),
	(489, '\0', '\0', 2, 5, 105),
	(490, '\0', '\0', 2, 5, 106),
	(491, '\0', '\0', 87, 1, 4),
	(492, '\0', '\0', 87, 5, 24),
	(493, '\0', '\0', 87, 2, 9),
	(494, '\0', '\0', 87, 2, 43),
	(495, '\0', '\0', 87, 2, 23),
	(496, '\0', '\0', 19, 5, 101),
	(497, '\0', '\0', 88, 1, 4),
	(498, '\0', '\0', 88, 2, 23),
	(499, '\0', '\0', 88, 3, 17),
	(500, '\0', '\0', 88, 5, 12),
	(501, '\0', '\0', 88, 5, 107),
	(502, '\0', '\0', 88, 5, 103),
	(503, '\0', '\0', 39, 5, 108),
	(504, '\0', '\0', 86, 5, 29),
	(505, '\0', '\0', 86, 5, 12),
	(506, '\0', '\0', 86, 3, 87),
	(507, '\0', '\0', 86, 3, 67),
	(508, '\0', '\0', 86, 3, 78),
	(509, '\0', '\0', 85, 5, 2),
	(510, '\0', '\0', 27, 5, 12),
	(511, '\0', '\0', 27, 5, 36),
	(512, '\0', '\0', 27, 5, 109),
	(513, '\0', '\0', 69, 5, 12),
	(514, '\0', '\0', 63, 3, 110),
	(515, '\0', '\0', 89, 1, 4),
	(516, '\0', '\0', 89, 2, 23),
	(517, '\0', '\0', 89, 2, 9),
	(518, '\0', '\0', 89, 5, 111),
	(520, '\0', '\0', 76, 5, 43),
	(521, '\0', '\0', 76, 5, 51),
	(522, '\0', '\0', 90, 1, 4),
	(523, '\0', '\0', 90, 3, 23),
	(524, '\0', '\0', 90, 5, 110),
	(525, '\0', '\0', 43, 5, 109),
	(526, '\0', 1, 91, 1, 4),
	(527, '\0', '\0', 91, 2, 23),
	(528, '\0', '\0', 91, 5, 9),
	(529, '\0', '\0', 89, 5, 112),
	(530, '\0', '\0', 19, 5, 43),
	(531, '\0', '\0', 92, 1, 3),
	(532, '\0', '\0', 92, 1, 113),
	(533, '\0', '\0', 86, 3, 114),
	(534, '\0', '\0', 86, 3, 115),
	(535, '\0', '\0', 86, 5, 116),
	(537, '\0', '\0', 86, 3, 118),
	(538, '\0', '\0', 82, 2, 98),
	(540, '\0', '\0', 93, 1, 4),
	(541, '\0', '\0', 93, 1, 9),
	(542, '\0', '\0', 93, 3, 30),
	(543, '\0', 1, 94, 1, 4),
	(544, '\0', '\0', 94, 3, 87),
	(545, '\0', '\0', 94, 3, 118),
	(546, '\0', '\0', 91, 5, 12),
	(547, '\0', '\0', 91, 1, 49),
	(548, '\0', '\0', 91, 5, 50),
	(550, '\0', '\0', 96, 1, 4),
	(551, '\0', '\0', 96, 3, 23),
	(553, '\0', '\0', 86, 3, 119),
	(554, '\0', '\0', 96, 3, 120),
	(556, '\0', '\0', 82, 5, 107),
	(557, '\0', '\0', 77, 5, 107),
	(558, '\0', '\0', 86, 5, 86),
	(559, '\0', '\0', 82, 5, 86),
	(560, '\0', '\0', 82, 5, 116),
	(561, '\0', '\0', 97, 1, 4),
	(562, '\0', '\0', 97, 3, 23),
	(563, '\0', '\0', 94, 3, 121),
	(564, '\0', '\0', 82, 5, 122),
	(565, '\0', '\0', 91, 3, 123),
	(566, '\0', '\0', 97, 2, 124),
	(567, '\0', '\0', 98, 1, 4),
	(568, '\0', '\0', 98, 5, 72),
	(569, '\0', '\0', 98, 2, 23),
	(570, '\0', '\0', 94, 3, 23),
	(572, '\0', '\0', 85, 5, 63),
	(573, '\0', '\0', 96, 1, 9),
	(574, '\0', '\0', 97, 2, 125),
	(575, '\0', '\0', 89, 5, 42),
	(576, '\0', '\0', 99, 1, 26),
	(577, '\0', '\0', 91, 5, 127),
	(578, '\0', '\0', 97, 5, 128),
	(579, '\0', '\0', 19, 5, 130),
	(580, '\0', '\0', 96, 3, 130),
	(581, '\0', '\0', 94, 3, 131),
	(582, '\0', '\0', 94, 3, 132),
	(583, '\0', '\0', 44, 5, 101),
	(585, '\0', 1, 99, 2, 126),
	(586, '\0', '\0', 100, 1, 26),
	(587, '\0', '\0', 86, 3, 132),
	(588, '\0', '\0', 86, 3, 131),
	(599, '\0', '\0', 29, 5, 24),
	(600, '\0', '\0', 55, 5, 12),
	(601, '\0', '\0', 55, 5, 17),
	(602, '\0', '\0', 43, 5, 27),
	(603, '\0', '\0', 43, 5, 101),
	(604, '\0', '\0', 94, 2, 17),
	(605, '\0', '\0', 94, 5, 135),
	(610, '\0', '\0', 97, 2, 9),
	(611, '\0', '\0', 94, 3, 119),
	(612, '\0', '\0', 87, 5, 139),
	(613, '\0', '\0', 82, 5, 69),
	(614, '\0', '\0', 69, 5, 9),
	(615, '\0', '\0', 94, 3, 69),
	(616, '\0', '\0', 94, 3, 94),
	(617, '\0', '\0', 55, 2, 140),
	(618, '\0', '\0', 80, 2, 140),
	(619, '\0', '\0', 48, 5, 139),
	(620, '\0', '\0', 22, 5, 139),
	(621, '\0', '\0', 76, 5, 139),
	(622, '\0', '\0', 101, 1, 4),
	(623, '\0', '\0', 101, 2, 111),
	(624, '\0', '\0', 101, 5, 112),
	(625, '\0', '\0', 101, 1, 9),
	(626, '\0', '\0', 101, 5, 42),
	(627, '\0', '\0', 101, 2, 23),
	(628, '\0', '\0', 89, 5, 141),
	(629, '\0', '\0', 101, 5, 141),
	(630, '\0', '\0', 34, 3, 132),
	(631, '\0', '\0', 34, 3, 131),
	(632, '\0', '\0', 55, 5, 142),
	(633, '\0', '\0', 80, 5, 142),
	(634, '\0', '\0', 80, 5, 12),
	(635, '\0', '\0', 70, 5, 12),
	(636, '\0', '\0', 70, 5, 142),
	(637, '\0', '\0', 2, 5, 143),
	(638, '\0', '\0', 102, 1, 4),
	(639, '\0', '\0', 103, 1, 4),
	(640, '\0', '\0', 103, 3, 23),
	(641, '\0', '\0', 102, 3, 23),
	(642, '\0', '\0', 81, 2, 130),
	(643, '\0', '\0', 86, 3, 144),
	(644, '\0', '\0', 94, 3, 144),
	(645, '\0', '\0', 94, 3, 145),
	(646, '\0', '\0', 104, 1, 26),
	(647, '\0', '\0', 104, 1, 46),
	(648, '\0', '\0', 104, 1, 47),
	(649, '\0', '\0', 105, 1, 26),
	(650, '\0', '\0', 105, 2, 146),
	(651, '\0', '\0', 101, 5, 148),
	(652, '\0', '\0', 104, 3, 149),
	(653, '\0', '\0', 104, 3, 150),
	(654, '\0', 1, 100, 3, 147),
	(655, '\0', '\0', 100, 3, 151),
	(656, '\0', 1, 94, 5, 152),
	(658, '\0', '\0', 2, 5, 107),
	(659, '\0', '\0', 84, 1, 107),
	(660, '\0', '\0', 102, 5, 53),
	(661, '\0', '\0', 101, 5, 130),
	(662, '\0', '\0', 106, 1, 4),
	(663, '\0', 1, 100, 1, 153),
	(664, '\0', '\0', 87, 5, 130),
	(665, '\0', '\0', 82, 5, 130),
	(666, '\0', '\0', 82, 2, 155),
	(667, '\0', '\0', 70, 5, 17),
	(668, '\0', '\0', 106, 2, 156),
	(669, '\0', '\0', 106, 5, 157),
	(670, '\0', '\0', 102, 5, 157),
	(671, '\0', '\0', 103, 5, 157),
	(672, '\0', '\0', 98, 5, 157),
	(673, '\0', '\0', 106, 2, 23),
	(674, '\0', '\0', 86, 2, 94),
	(675, '\0', '\0', 100, 5, 154),
	(676, '\0', '\0', 48, 5, 43),
	(677, '\0', '\0', 34, 5, 152),
	(678, '\0', '\0', 100, 3, 160),
	(679, '\0', '\0', 80, 2, 159),
	(680, '\0', '\0', 55, 2, 159),
	(681, '\0', 1, 69, 5, 130),
	(682, '\0', '\0', 107, 1, 4),
	(683, '\0', 1, 108, 1, 4),
	(684, '\0', '\0', 109, 1, 4),
	(685, '\0', '\0', 107, 2, 23),
	(686, '\0', '\0', 107, 5, 36),
	(687, '\0', '\0', 108, 2, 23),
	(688, '\0', 1, 108, 2, 17),
	(689, '\0', 1, 108, 2, 142),
	(690, '\0', '\0', 88, 5, 143),
	(691, '\0', '\0', 2, 5, 78),
	(692, '\0', 1, 100, 3, 161),
	(693, '\0', '\0', 71, 5, 130),
	(694, '\0', '\0', 11, 5, 143),
	(695, '\0', 1, 69, 5, 142),
	(696, '\0', 1, 94, 5, 29),
	(697, '\0', 1, 94, 5, 142),
	(698, '\0', '\0', 94, 2, 100),
	(699, '\0', '\0', 86, 2, 100),
	(700, '\0', '\0', 104, 2, 158),
	(701, '\0', '\0', 94, 3, 115),
	(702, '\0', '\0', 94, 3, 114),
	(703, '\0', '\0', 84, 2, 138),
	(704, '\0', '\0', 86, 5, 98),
	(705, '\0', '\0', 94, 5, 98),
	(706, '\0', '\0', 110, 1, 4),
	(707, '\0', '\0', 110, 3, 23),
	(708, '\0', '\0', 110, 1, 143),
	(709, '\0', '\0', 110, 5, 29),
	(710, '\0', '\0', 108, 5, 163),
	(711, '\0', '\0', 109, 5, 163),
	(712, '\0', '\0', 80, 5, 154),
	(713, '\0', '\0', 80, 5, 26),
	(714, '\0', '\0', 108, 5, 20),
	(715, '\0', '\0', 109, 5, 20),
	(716, '\0', '\0', 111, 1, 4),
	(717, '\0', '\0', 111, 2, 23),
	(718, '\0', '\0', 109, 2, 23),
	(719, '\0', '\0', 4, 5, 166),
	(720, '\0', '\0', 5, 5, 166),
	(721, '\0', '\0', 109, 5, 167),
	(722, '\0', '\0', 46, 3, 165),
	(723, '\0', '\0', 82, 5, 168),
	(724, '\0', '\0', 96, 3, 161),
	(725, '\0', '\0', 86, 3, 169),
	(726, '\0', '\0', 94, 3, 169),
	(727, '\0', '\0', 5, 5, 98),
	(728, '\0', '\0', 4, 5, 98),
	(729, '\0', '\0', 5, 5, 17),
	(730, '\0', '\0', 4, 5, 17),
	(731, '\0', '\0', 112, 1, 4),
	(732, '\0', '\0', 112, 3, 23),
	(733, '\0', 1, 111, 5, 170),
	(734, '\0', '\0', 84, 2, 171),
	(735, '\0', 1, 112, 5, 172),
	(736, '\0', '\0', 101, 2, 174),
	(737, '\0', '\0', 2, 5, 86),
	(738, '\0', '\0', 100, 3, 176),
	(739, '\0', '\0', 100, 3, 175),
	(740, '\0', '\0', 100, 3, 173),
	(741, '\0', '\0', 100, 3, 177),
	(742, '\0', '\0', 113, 1, 4),
	(743, '\0', '\0', 113, 2, 23),
	(744, '\0', '\0', 100, 3, 132),
	(745, '\0', '\0', 100, 3, 178),
	(746, '\0', '\0', 100, 3, 179),
	(747, '\0', '\0', 100, 3, 180),
	(748, '\0', '\0', 100, 3, 182),
	(749, '\0', '\0', 100, 3, 183),
	(750, '\0', 1, 113, 2, 184),
	(751, '\0', '\0', 100, 3, 185),
	(752, '\0', '\0', 113, 5, 86),
	(753, '\0', '\0', 113, 5, 17),
	(754, '\0', '\0', 114, 1, 4),
	(755, '\0', '\0', 115, 1, 4),
	(756, '\0', '\0', 116, 1, 4),
	(757, '\0', '\0', 100, 3, 186),
	(758, '\0', '\0', 31, 5, 166),
	(759, '\0', '\0', 114, 5, 187),
	(760, '\0', '\0', 114, 2, 23),
	(761, '\0', '\0', 114, 2, 188),
	(762, '\0', '\0', 116, 2, 188),
	(763, '\0', '\0', 117, 1, 4),
	(764, '\0', '\0', 117, 2, 23),
	(765, '\0', '\0', 118, 1, 4),
	(766, '\0', '\0', 118, 2, 23),
	(767, '\0', '\0', 99, 2, 189),
	(768, '\0', '\0', 104, 5, 190),
	(769, '\0', '\0', 118, 2, 191),
	(770, '\0', '\0', 119, 1, 4),
	(771, '\0', '\0', 119, 5, 142),
	(772, '\0', '\0', 119, 5, 53),
	(773, '\0', '\0', 119, 3, 23),
	(774, '\0', '\0', 100, 3, 192),
	(775, '\0', '\0', 100, 3, 181),
	(776, '\0', '\0', 100, 3, 193),
	(777, '\0', '\0', 100, 3, 194),
	(778, '\0', '\0', 100, 3, 195),
	(779, '\0', '\0', 100, 3, 196),
	(780, '\0', '\0', 100, 3, 197),
	(781, '\0', '\0', 100, 3, 198),
	(782, '\0', '\0', 100, 3, 199),
	(783, '\0', '\0', 100, 3, 200),
	(784, '\0', '\0', 57, 5, 130),
	(785, '\0', '\0', 120, 1, 9),
	(786, '\0', '\0', 120, 2, 130),
	(787, '\0', '\0', 120, 2, 4),
	(788, '\0', '\0', 120, 5, 17),
	(789, '\0', '\0', 120, 5, 86),
	(790, '\0', '\0', 120, 3, 23),
	(791, '\0', 1, 109, 5, 142),
	(792, '\0', '\0', 100, 3, 201),
	(793, '\0', 1, 115, 2, 204),
	(794, '\0', '\0', 94, 5, 203),
	(795, '\0', '\0', 2, 5, 205),
	(796, '\0', '\0', 88, 5, 205),
	(797, '\0', 1, 113, 5, 204),
	(798, '\0', '\0', 100, 3, 206),
	(799, '\0', '\0', 100, 3, 207),
	(800, '\0', '\0', 121, 1, 4),
	(801, '\0', '\0', 121, 2, 208),
	(802, '\0', '\0', 48, 5, 142),
	(803, '\0', '\0', 55, 5, 209),
	(804, '\0', '\0', 80, 5, 209),
	(805, '\0', '\0', 82, 5, 205),
	(806, '\0', '\0', 94, 5, 210),
	(807, '\0', '\0', 121, 1, 9),
	(808, '\0', '\0', 122, 1, 4),
	(809, '\0', '\0', 122, 2, 23),
	(810, '\0', '\0', 122, 2, 211),
	(811, '\0', '\0', 121, 2, 212),
	(812, '\0', '\0', 123, 1, 26),
	(813, '\0', '\0', 100, 3, 100),
	(814, '\0', '\0', 121, 1, 42),
	(815, '\0', '\0', 94, 5, 214),
	(816, '\0', 1, 123, 1, 215),
	(817, '\0', '\0', 123, 3, 213),
	(818, '\0', '\0', 85, 5, 217),
	(819, '\0', '\0', 124, 1, 219),
	(820, '\0', '\0', 124, 1, 220),
	(821, '\0', '\0', 94, 3, 221),
	(822, '\0', '\0', 57, 5, 27),
	(823, '\0', '\0', 27, 5, 27),
	(824, '\0', '\0', 94, 5, 222),
	(825, '\0', '\0', 121, 5, 223),
	(826, '\0', '\0', 121, 1, 17),
	(827, '\0', '\0', 100, 3, 221),
	(828, '\0', '\0', 100, 3, 23),
	(829, '\0', '\0', 86, 5, 210),
	(830, '\0', '\0', 43, 5, 224),
	(831, '\0', 1, 27, 5, 224),
	(832, '\0', '\0', 57, 5, 224),
	(833, '\0', '\0', 19, 5, 224),
	(834, '\0', '\0', 94, 5, 212),
	(835, '\0', 1, 124, 1, 225),
	(836, '\0', '\0', 114, 5, 212),
	(837, '\0', '\0', 101, 5, 212),
	(838, '\0', '\0', 97, 5, 12),
	(839, '\0', '\0', 87, 5, 226),
	(840, '\0', '\0', 86, 5, 214),
	(841, '\0', '\0', 50, 1, 9),
	(842, '\0', '\0', 50, 5, 130),
	(843, '\0', '\0', 87, 5, 212),
	(844, '\0', '\0', 69, 5, 204),
	(845, '\0', '\0', 100, 5, 212),
	(846, '\0', '\0', 115, 2, 23),
	(847, '\0', 1, 115, 1, 184),
	(848, '\0', '\0', 124, 3, 230),
	(849, '\0', '\0', 100, 3, 4),
	(850, '\0', '\0', 124, 3, 229),
	(851, '\0', '\0', 124, 3, 228),
	(852, '\0', '\0', 124, 3, 173),
	(853, '\0', '\0', 124, 3, 181),
	(854, '\0', '\0', 124, 3, 232),
	(856, '\0', '\0', 114, 5, 233),
	(857, '\0', '\0', 82, 5, 234),
	(858, '\0', '\0', 125, 1, 4),
	(859, '\0', '\0', 125, 2, 23),
	(860, '\0', 1, 125, 5, 130),
	(861, '\0', '\0', 125, 5, 27),
	(862, '\0', '\0', 100, 3, 231),
	(863, '\0', '\0', 124, 3, 235),
	(864, '\0', '\0', 126, 1, 4),
	(865, '\0', '\0', 127, 1, 3),
	(866, '\0', '\0', 127, 1, 4),
	(867, '\0', '\0', 127, 5, 2),
	(868, '\0', '\0', 127, 5, 236),
	(869, '\0', '\0', 128, 1, 4),
	(870, '\0', 1, 128, 5, 205),
	(871, '\0', 1, 128, 5, 17),
	(872, '\0', '\0', 128, 2, 23),
	(873, '\0', '\0', 124, 3, 177),
	(874, '\0', '\0', 97, 5, 202),
	(875, '\0', '\0', 124, 3, 237),
	(876, '\0', '\0', 124, 3, 180),
	(877, '\0', '\0', 100, 3, 238),
	(878, '\0', '\0', 124, 3, 239),
	(879, '\0', '\0', 100, 3, 240),
	(880, '\0', '\0', 59, 5, 241),
	(881, '\0', '\0', 82, 3, 158),
	(882, '\0', '\0', 124, 3, 242),
	(883, '\0', '\0', 82, 3, 243),
	(884, '\0', '\0', 124, 3, 244),
	(885, '\0', '\0', 94, 5, 143),
	(886, '\0', '\0', 125, 5, 9),
	(887, '\0', '\0', 124, 3, 245),
	(888, '\0', '\0', 124, 3, 182),
	(889, '\0', '\0', 124, 3, 248),
	(890, '\0', '\0', 129, 1, 4),
	(891, '\0', '\0', 129, 1, 9),
	(892, '\0', '\0', 129, 3, 23),
	(893, '\0', '\0', 129, 5, 142),
	(894, '\0', '\0', 129, 5, 17),
	(895, '\0', '\0', 82, 5, 249),
	(896, '\0', '\0', 82, 5, 247),
	(897, '\0', '\0', 124, 3, 250),
	(898, '\0', '\0', 124, 3, 251),
	(899, '\0', 1, 86, 5, 143),
	(900, '\0', '\0', 69, 5, 203),
	(901, '\0', '\0', 100, 3, 227),
	(902, '\0', '\0', 24, 5, 184),
	(903, '\0', '\0', 124, 3, 252),
	(904, '\0', '\0', 130, 1, 4),
	(905, '\0', '\0', 130, 2, 23),
	(906, '\0', '\0', 130, 2, 191),
	(907, '\0', '\0', 2, 5, 253),
	(908, '\0', '\0', 101, 5, 254),
	(909, '\0', '\0', 124, 3, 255),
	(910, '\0', '\0', 28, 5, 130),
	(911, '\0', '\0', 124, 3, 256),
	(912, '\0', '\0', 100, 3, 257),
	(913, '\0', 1, 57, 5, 258),
	(914, '\0', '\0', 27, 5, 258),
	(915, '\0', '\0', 26, 5, 224),
	(916, '\0', '\0', 125, 5, 204),
	(917, '\0', '\0', 100, 3, 259),
	(918, '\0', '\0', 97, 5, 260),
	(919, '\0', '\0', 97, 2, 27),
	(920, '\0', '\0', 124, 3, 261),
	(921, '\0', '\0', 124, 3, 262),
	(922, '\0', '\0', 131, 1, 4),
	(923, '\0', 1, 131, 3, 260),
	(924, '\0', '\0', 131, 3, 27),
	(925, '\0', '\0', 131, 3, 12),
	(926, '\0', 1, 132, 1, 4),
	(927, '\0', '\0', 132, 3, 23),
	(928, '\0', 1, 132, 5, 142),
	(929, '\0', '\0', 131, 3, 23),
	(930, '\0', '\0', 55, 2, 263),
	(931, '\0', '\0', 80, 2, 263),
	(932, '\0', '\0', 124, 3, 77),
	(933, '\0', '\0', 124, 3, 264),
	(934, '\0', '\0', 124, 3, 265),
	(935, '\0', '\0', 87, 5, 266),
	(936, '\0', '\0', 37, 5, 266),
	(937, '\0', '\0', 57, 5, 266),
	(938, '\0', '\0', 71, 5, 266),
	(939, '\0', '\0', 43, 5, 266),
	(940, '\0', '\0', 26, 5, 266),
	(941, '\0', '\0', 22, 3, 266),
	(942, '\0', '\0', 125, 5, 266),
	(943, '\0', '\0', 6, 5, 266),
	(944, '\0', '\0', 48, 5, 266),
	(945, '\0', '\0', 19, 5, 266),
	(946, '\0', '\0', 97, 5, 266),
	(947, '\0', '\0', 133, 1, 4),
	(948, '\0', 1, 133, 2, 268),
	(949, '\0', '\0', 2, 5, 267),
	(950, '\0', '\0', 82, 5, 267),
	(951, '\0', '\0', 120, 5, 266),
	(952, '\0', '\0', 96, 5, 266),
	(953, '\0', '\0', 134, 1, 26);

CREATE TABLE `pseudonymus_hash_values` (
  `id` bigint(20) NOT NULL,
  `birth_date_hash` varchar(255) DEFAULT NULL,
  `birth_name_hash1` varchar(255) DEFAULT NULL,
  `birth_name_hash2` varchar(255) DEFAULT NULL,
  `birth_name_hash3` varchar(255) DEFAULT NULL,
  `first_name_hash1` varchar(255) DEFAULT NULL,
  `first_name_hash2` varchar(255) DEFAULT NULL,
  `first_name_hash3` varchar(255) DEFAULT NULL,
  `last_name_hash1` varchar(255) DEFAULT NULL,
  `last_name_hash2` varchar(255) DEFAULT NULL,
  `last_name_hash3` varchar(255) DEFAULT NULL,
  PRIMARY KEY (`id`)
) ENGINE=InnoDB DEFAULT CHARSET=utf8;
	
CREATE TABLE `subject` (
  `id` bigint(20) NOT NULL,
  `birth_date` datetime DEFAULT NULL,
  `identifier` varchar(255) DEFAULT NULL,
  `imaged_object_category` varchar(255) DEFAULT NULL,
  `language_hemispheric_dominance` varchar(255) DEFAULT NULL,
  `manual_hemispheric_dominance` varchar(255) DEFAULT NULL,
  `name` varchar(255) DEFAULT NULL,
  `sex` varchar(255) DEFAULT NULL,
  `pseudonymus_hash_values_id` bigint(20) DEFAULT NULL,
  PRIMARY KEY (`id`),
  KEY `FKq6wqw3ly73aat738iyo667yd4` (`pseudonymus_hash_values_id`),
  CONSTRAINT `FKq6wqw3ly73aat738iyo667yd4` FOREIGN KEY (`pseudonymus_hash_values_id`) REFERENCES `pseudonymus_hash_values` (`id`)
) ENGINE=InnoDB DEFAULT CHARSET=utf8;

CREATE TABLE `user_personal_comment_subject` (
  `id` bigint(20) NOT NULL,
  `comment` varchar(255) DEFAULT NULL,
  `subject_id` bigint(20) DEFAULT NULL,
  PRIMARY KEY (`id`),
  KEY `FKsv5esm96mpp66iei2ei32jado` (`subject_id`),
  CONSTRAINT `FKsv5esm96mpp66iei2ei32jado` FOREIGN KEY (`subject_id`) REFERENCES `subject` (`id`)
) ENGINE=InnoDB DEFAULT CHARSET=utf8;

CREATE TABLE `subject_study` (
  `id` bigint(20) NOT NULL,
  `physically_involved` bit(1) NOT NULL,
  `subject_study_identifier` varchar(255) DEFAULT NULL,
  `subject_type` varchar(255) DEFAULT NULL,
  `study` bigint(20) DEFAULT NULL,
  `subject` bigint(20) DEFAULT NULL,
  PRIMARY KEY (`id`),
  KEY `FKelblgk1bc448k1jrlaq0lue5d` (`study`),
  KEY `FKft8kki1chfo5h4q8l64slqb4c` (`subject`),
  CONSTRAINT `FKelblgk1bc448k1jrlaq0lue5d` FOREIGN KEY (`study`) REFERENCES `study` (`id`),
  CONSTRAINT `FKft8kki1chfo5h4q8l64slqb4c` FOREIGN KEY (`subject`) REFERENCES `subject` (`id`)
) ENGINE=InnoDB DEFAULT CHARSET=utf8;

INSERT INTO `subject_study` VALUES (1,'\0',NULL,1,1,NULL),(2,'\0',NULL,1,2,NULL),(3,'\0',NULL,2,1,NULL);

CREATE TABLE `manufacturer` (
  `id` bigint(20) NOT NULL,
  `name` varchar(200) NOT NULL,
  PRIMARY KEY (`id`),
  UNIQUE KEY `UK_fvhf6l0xkf8hnay7lvwimnwu1` (`name`)
) ENGINE=InnoDB DEFAULT CHARSET=utf8;

INSERT INTO `manufacturer` VALUES (1,'GE Healthcare'),(2,'GE Medical Systems'),(3,'Philips Healthcare');

CREATE TABLE `manufacturer_model` (
  `dataset_modality_type` varchar(31) NOT NULL,
  `id` bigint(20) NOT NULL,
  `name` varchar(200) NOT NULL,
  `magnetic_field` double DEFAULT NULL,
  `manufacturer_id` bigint(20) NOT NULL,
  PRIMARY KEY (`id`),
  UNIQUE KEY `UK_i9hga82t5tie3gsf9pvkxkb0m` (`name`),
  KEY `FKdaf3kbh73wqquhyggxyhaadq7` (`manufacturer_id`),
  CONSTRAINT `FKdaf3kbh73wqquhyggxyhaadq7` FOREIGN KEY (`manufacturer_id`) REFERENCES `manufacturer` (`id`)
) ENGINE=InnoDB DEFAULT CHARSET=utf8;

INSERT INTO `manufacturer_model` VALUES ('MR_DATASET',1,'DISCOVERY MR750',3,2),('PET_DATASET',2,'DISCOVERY MR750w',NULL,2),('MR_DATASET',3,'Ingenia',1.5,3);

CREATE TABLE `acquisition_equipment` (
  `id` bigint(20) NOT NULL,
  `serial_number` varchar(255) DEFAULT NULL,
  `center_id` bigint(20) NOT NULL,
  `manufacturer_model_id` bigint(20) NOT NULL,
  PRIMARY KEY (`id`),
  UNIQUE KEY `model_number_idx` (`manufacturer_model_id`,`serial_number`),
  KEY `FKnfu3vqdsoj1y339uq7alaltjv` (`center_id`),
  CONSTRAINT `FKbvbig13gxsu8gxaw9h6uemhk4` FOREIGN KEY (`manufacturer_model_id`) REFERENCES `manufacturer_model` (`id`),
  CONSTRAINT `FKnfu3vqdsoj1y339uq7alaltjv` FOREIGN KEY (`center_id`) REFERENCES `center` (`id`)
) ENGINE=InnoDB DEFAULT CHARSET=utf8;

INSERT INTO `acquisition_equipment` VALUES (1,'123456789',1,1),(2,'234567891',2,1),(3,'345678912',1,2);
